t,px,py,pz,qw,qx,qy,qz
0.000000000,0.006286511,-0.006605243,0.032021133,0.999934706,0.001830813,-0.009348991,0.006310887
0.100000000,-0.017600216,-0.022369536,-0.066222821,0.999658104,-0.021169293,0.009624151,0.011954536
0.200000000,0.016876856,-0.333734584,-0.042831900,0.998771128,-0.031918717,0.008291508,0.036995668
0.300000000,-0.045812294,-0.502689794,-0.235973594,0.999324905,0.022032421,0.029176743,0.003608805
0.400000000,0.027541346,-0.657465814,-0.186346060,0.998416523,-0.010727024,0.032545842,0.044611048
0.500000000,-0.009531518,-0.692232237,-0.204443383,0.994401883,-0.046235287,0.028034880,0.090781267
0.600000000,0.036273135,-0.913014579,-0.354969947,0.995924442,-0.002278661,0.040640889,0.080483738
0.700000000,0.113609716,-1.028747464,-0.333832719,0.996520786,0.013688253,0.050018433,0.065246540
0.800000000,0.061383067,-1.155694301,-0.491373044,0.993747360,0.034273594,0.052163044,0.092577119
0.900000000,0.157038658,-1.376222132,-0.459229552,0.993030667,0.020867654,0.071195836,0.091573946
1.000000000,0.154028882,-1.500055819,-0.496311892,0.989272817,0.011143591,0.058702223,0.133301027
1.100000000,0.225200201,-1.671183728,-0.604966542,0.991231105,0.025838196,0.045035497,0.121511683
1.200000000,0.215859619,-1.775217441,-0.542530231,0.981847399,0.020495014,0.090049479,0.165670547
1.300000000,0.292952554,-2.015584111,-0.627963260,0.982851235,0.053556149,0.098124275,0.146652021
1.400000000,0.346117310,-2.040153186,-0.722748395,0.981289523,0.041275468,0.094910660,0.162355087
1.500000000,0.383557591,-2.163261792,-0.849428077,0.972567999,0.039662716,0.110133010,0.201020088
1.600000000,0.435301882,-2.440446146,-0.836805960,0.971605043,0.043925459,0.118402523,0.200087573
1.700000000,0.489267034,-2.575482778,-0.872811243,0.967835935,0.064884589,0.136097809,0.201397566
1.800000000,0.440426464,-2.664627325,-0.888803662,0.959658290,0.058566910,0.166371677,0.218966548
1.900000000,0.525587205,-2.866615383,-0.960931075,0.959772691,0.064848151,0.123405361,0.243725698
2.000000000,0.558799848,-2.878340844,-0.997420083,0.953484459,0.059915595,0.135034964,0.262760474
2.100000000,0.622374337,-3.036665435,-0.972453810,0.958284889,0.111248189,0.124755602,0.231840357
2.200000000,0.789047566,-3.199689958,-1.092741564,0.940127804,0.089275224,0.170378898,0.281355075
2.300000000,0.791148419,-3.353931976,-1.125979685,0.942997039,0.079556367,0.181286102,0.267512090
2.400000000,0.810106207,-3.492689819,-1.174063578,0.942175806,0.064689396,0.180002215,0.275171283
2.500000000,0.902198434,-3.570526067,-1.177045054,0.934462752,0.078190245,0.169348140,0.303293354
2.600000000,0.945792344,-3.740784678,-1.190248114,0.925697589,0.115427108,0.177742240,0.313318133
2.700000000,1.004833941,-3.896890354,-1.381364448,0.916556648,0.099417624,0.193871848,0.335341249
2.800000000,1.164400172,-4.004923573,-1.418880453,0.912815669,0.133775647,0.214161814,0.320946021
2.900000000,1.146820298,-4.075877873,-1.450332113,0.896856324,0.172409299,0.210007102,0.349028344
3.000000000,1.248812074,-4.250382196,-1.517049137,0.899809782,0.150541899,0.203189243,0.355518812
3.100000000,1.382882431,-4.353803477,-1.600096935,0.902825524,0.174642081,0.215101504,0.328842759
3.200000000,1.414532317,-4.497410609,-1.469481230,0.866861361,0.171134248,0.274030396,0.379699607
3.300000000,1.582881337,-4.580410333,-1.659700376,0.873807974,0.195472274,0.247073247,0.370411967
3.400000000,1.624474160,-4.693258663,-1.678180440,0.871819351,0.191259178,0.259069571,0.369098773
3.500000000,1.658698075,-4.818853266,-1.683778739,0.849965305,0.191072933,0.277690755,0.404892528
3.600000000,1.740219903,-5.028670884,-1.747441368,0.854931660,0.218531291,0.267287597,0.387160525
3.700000000,1.830375650,-5.090101710,-1.865453596,0.847405935,0.173806592,0.274198400,0.420130560
3.800000000,1.876897139,-5.205628616,-1.803774405,0.842672918,0.233145787,0.285918361,0.392168442
3.900000000,2.044541905,-5.331320394,-1.921211639,0.829744606,0.241901442,0.269086342,0.424970729
4.000000000,2.095693918,-5.410114648,-1.840180361,0.821301861,0.242856737,0.299775479,0.420260063
4.100000000,2.190637787,-5.527669676,-2.036072369,0.814366604,0.250288166,0.307345294,0.423912419
4.200000000,2.343681095,-5.634751486,-2.018609467,0.812752520,0.266356602,0.289436029,0.429784000
4.300000000,2.410608913,-5.684292385,-2.054637245,0.807687341,0.276789750,0.329321552,0.403207029
4.400000000,2.491980736,-5.748774217,-2.168939709,0.792115456,0.276896724,0.329759621,0.432596695
4.500000000,2.631087531,-5.775085575,-2.087555058,0.785355167,0.305551083,0.316144135,0.435785135
4.600000000,2.727305721,-6.005754671,-2.258902241,0.761845231,0.294815467,0.316010324,0.482507160
4.700000000,2.858140524,-6.102212098,-2.206395824,0.749928174,0.308052077,0.341622951,0.475400264
4.800000000,2.880052784,-6.159352430,-2.276850511,0.756991605,0.304581207,0.320971652,0.480802660
4.900000000,2.983204529,-6.240776519,-2.317562653,0.744779538,0.294495944,0.355869620,0.481593597
5.000000000,3.071786905,-6.335728676,-2.314356798,0.743876767,0.327071711,0.334609647,0.477187422
5.100000000,3.225682264,-6.429435369,-2.480252233,0.743163634,0.312465682,0.351981534,0.475585966
5.200000000,3.260366559,-6.510495477,-2.574079932,0.703428034,0.347427224,0.374345463,0.494316497
5.300000000,3.426550505,-6.576669044,-2.627323177,0.679588888,0.366075038,0.387509567,0.503968597
5.400000000,3.518311399,-6.605649792,-2.450641003,0.686635748,0.366706354,0.390275717,0.491673330
5.500000000,3.610311991,-6.679434585,-2.666263573,0.713006918,0.344460338,0.366272933,0.488684304
5.600000000,3.680901614,-6.734613062,-2.588763387,0.658503366,0.350716024,0.391737546,0.538435959
5.700000000,3.921855043,-6.759731845,-2.721413881,0.689011361,0.353418477,0.406551074,0.484845282
5.800000000,3.918466329,-6.825829277,-2.774959562,0.663494831,0.363274522,0.369370974,0.539788213
5.900000000,4.071544060,-6.944124345,-2.771479446,0.617221813,0.407355778,0.413699665,0.530990670
6.000000000,4.013294240,-6.951970075,-2.770594228,0.638112064,0.409079819,0.385835325,0.525925658
6.100000000,4.302504502,-7.021749129,-2.867140129,0.646670210,0.400537857,0.386143817,0.521804578
6.200000000,4.248268094,-7.082693577,-2.908418192,0.616073308,0.414367542,0.396018572,0.540298538
6.300000000,4.399377496,-7.166476067,-3.113840752,0.613511817,0.403379950,0.390088471,0.555624739
6.400000000,4.511224487,-7.140282626,-2.960461305,0.611076152,0.416464917,0.373617856,0.559957683
6.500000000,4.514338915,-7.234057014,-3.000446409,0.612299260,0.424052340,0.398279209,0.535390420
6.600000000,4.641848696,-7.266679713,-3.024713653,0.611885596,0.419469142,0.393597767,0.542883463
6.700000000,4.776972460,-7.342782960,-3.035916801,0.604184167,0.424352160,0.435303821,0.515167274
6.800000000,4.999304822,-7.336749336,-3.196600140,0.593099260,0.436755808,0.406456840,0.540620448
6.900000000,4.900019400,-7.354437044,-3.245233253,0.589564216,0.437475035,0.402622629,0.546740019
7.000000000,5.089782500,-7.458051172,-3.238216181,0.567310811,0.465620837,0.389897945,0.556179172
7.100000000,5.014851966,-7.383838633,-3.298828276,0.609464462,0.444132980,0.385804120,0.531464154
7.200000000,5.106344995,-7.443202455,-3.284130245,0.573412611,0.444464306,0.392894873,0.565051393
7.300000000,5.248423181,-7.463101775,-3.289060355,0.559190205,0.445911529,0.396251240,0.575720573
7.400000000,5.362664908,-7.549631517,-3.306565732,0.592707438,0.453324379,0.383909051,0.543883021
7.500000000,5.434823739,-7.504302480,-3.393631232,0.577166125,0.463131055,0.387668509,0.549638078
7.600000000,5.470133965,-7.521533712,-3.400162098,0.569189876,0.462407754,0.365083442,0.573512018
7.700000000,5.625788612,-7.520532111,-3.519708373,0.554352221,0.478036412,0.373673623,0.569686604
7.800000000,5.652019805,-7.472273266,-3.547421616,0.553964584,0.485161238,0.369747088,0.566594127
7.900000000,5.728666586,-7.474449496,-3.638323344,0.541100748,0.475518748,0.383838271,0.577719727
8.000000000,5.796604037,-7.490977009,-3.596800543,0.548004210,0.473704091,0.351389410,0.593145262
8.100000000,5.886638082,-7.493790664,-3.600301320,0.552058490,0.474575872,0.375176456,0.573804664
8.200000000,5.943443554,-7.518462877,-3.628758319,0.549140594,0.487507389,0.359234760,0.575961406
8.300000000,5.966602537,-7.462738672,-3.784633311,0.564074913,0.465847888,0.365264335,0.575662405
8.400000000,6.013696166,-7.546713279,-3.672894698,0.565550391,0.470169831,0.369880147,0.567698654
8.500000000,6.119411781,-7.466701594,-3.795412223,0.542716297,0.517835368,0.348867548,0.561780193
8.600000000,6.087392562,-7.395257479,-3.872206883,0.562020438,0.459708373,0.345341400,0.594592766
8.700000000,6.192708026,-7.391071547,-3.805056108,0.559842352,0.472453703,0.359108745,0.578277571
8.800000000,6.271994490,-7.447801107,-3.859315874,0.515013288,0.501650283,0.358620704,0.595398604
8.900000000,6.335937594,-7.335572081,-3.949265955,0.569661001,0.483652241,0.329885491,0.576838294
9.000000000,6.259894255,-7.355223219,-3.861280811,0.565561196,0.482576966,0.353744243,0.567560584
9.100000000,6.384551387,-7.392064109,-3.919783770,0.560162758,0.498126957,0.322235241,0.578145024
9.200000000,6.437372749,-7.227098707,-3.951021014,0.559152204,0.492808769,0.316911181,0.586562557
9.300000000,6.466159296,-7.066701820,-4.016457347,0.564686627,0.519460815,0.312310279,0.560135488
9.400000000,6.412881082,-7.154924809,-4.110130390,0.546379628,0.495003855,0.274661460,0.617253244
9.500000000,6.498091204,-7.154201064,-4.068525720,0.577878139,0.473585497,0.299024340,0.593597572
9.600000000,6.604488867,-7.024659530,-4.066556485,0.571673455,0.501856456,0.330608988,0.558593999
9.700000000,6.460999515,-6.946531131,-4.123943897,0.590519969,0.506780201,0.287639089,0.558322262
9.800000000,6.674145557,-6.997400100,-4.100299139,0.554593361,0.522356358,0.297883743,0.575182853
9.900000000,6.696376274,-6.879244237,-4.089749710,0.604897799,0.486429512,0.257067064,0.575674827
10.000000000,6.603035578,-6.768407691,-4.280030295,0.589091141,0.477478235,0.264383691,0.595892127
10.100000000,6.570426047,-6.678332711,-4.273912469,0.581217736,0.529517863,0.237647024,0.570368887
10.200000000,6.673332723,-6.662015010,-4.241785717,0.601787443,0.492674460,0.222503984,0.587890914
10.300000000,6.611747099,-6.607987335,-4.349167642,0.585508362,0.507267287,0.254998507,0.578649824
10.400000000,6.689538720,-6.642913141,-4.331525469,0.597138474,0.483388323,0.238805202,0.593913671
10.500000000,6.628650220,-6.477889849,-4.330416102,0.624371750,0.478676958,0.244604150,0.566742532
10.600000000,6.655268571,-6.378217470,-4.270114497,0.619739641,0.471011300,0.207140971,0.592590711
10.700000000,6.687931715,-6.330058304,-4.470161318,0.639918480,0.466547899,0.198511128,0.577434610
10.800000000,6.747454058,-6.232485385,-4.383346675,0.638955354,0.478169027,0.164759382,0.579607439
10.900000000,6.703040528,-6.237915723,-4.424247843,0.640230575,0.484070611,0.128872183,0.582385109
11.000000000,6.673492926,-6.064385138,-4.513419270,0.654548545,0.463531101,0.172444077,0.571811299
11.100000000,6.625644686,-6.081797499,-4.517045759,0.656179160,0.473225642,0.138276099,0.571284625
11.200000000,6.505146854,-5.899504748,-4.559100247,0.655371630,0.479868585,0.150476113,0.563534477
11.300000000,6.563578550,-5.747555693,-4.493035737,0.650074089,0.502128870,0.137623166,0.553470994
11.400000000,6.475591065,-5.733709503,-4.549738470,0.667103705,0.469322268,0.124931162,0.564890663
11.500000000,6.471844337,-5.582328307,-4.587935249,0.684098236,0.474923114,0.129132438,0.538314455
11.600000000,6.440865491,-5.472644670,-4.636357577,0.674932441,0.479511766,0.118236471,0.548228787
11.700000000,6.464988990,-5.321053428,-4.524186128,0.701484224,0.425413885,0.112022811,0.560708302
11.800000000,6.485367449,-5.305250217,-4.669302192,0.697057597,0.445282865,0.112935749,0.550526469
11.900000000,6.407159921,-5.099605693,-4.577395175,0.702703864,0.449172705,0.082814040,0.545520848
12.000000000,6.308552630,-5.065729055,-4.548568733,0.702989477,0.456376855,0.075042769,0.540272658
12.100000000,6.263796852,-5.012449779,-4.665594817,0.691094418,0.476696002,0.067105973,0.539116143
12.200000000,6.247214114,-4.829228434,-4.715983395,0.743650374,0.432086465,0.087059485,0.502698771
12.300000000,6.132799237,-4.737107869,-4.749132133,0.724552812,0.441760494,-0.009453906,0.528943771
12.400000000,6.120589989,-4.600979184,-4.646407541,0.741683052,0.423863288,0.041248088,0.518213043
12.500000000,6.109105599,-4.531073870,-4.694292550,0.752328144,0.415526508,0.075001729,0.505682535
12.600000000,5.904694407,-4.371767259,-4.799928586,0.749716373,0.446129952,0.034508074,0.487547555
12.700000000,5.958947727,-4.242016334,-4.758643794,0.734652070,0.444103766,-0.021348107,0.512447499
12.800000000,5.942345963,-4.194546426,-4.809844623,0.750558820,0.415174988,-0.036311826,0.512808579
12.900000000,5.787916613,-4.001440273,-4.848181987,0.770849629,0.422206914,-0.033993643,0.475790505
13.000000000,5.739688736,-3.876384696,-4.771645855,0.755558449,0.451812862,-0.020924491,0.473876285
13.100000000,5.700658407,-3.791240592,-4.782469900,0.797519969,0.390063199,0.003846678,0.460214953
13.200000000,5.682787558,-3.634489663,-4.848761511,0.795041062,0.386493626,-0.024687967,0.466822119
13.300000000,5.506256194,-3.554280549,-4.844478300,0.795541768,0.406044417,-0.049950888,0.446929675
13.400000000,5.466382516,-3.354374163,-4.871787512,0.790215154,0.372769435,-0.049084043,0.483935653
13.500000000,5.276444421,-3.300212740,-4.939310336,0.787317476,0.411321014,-0.042043392,0.457360436
13.600000000,5.318353517,-3.100812232,-4.918393389,0.798806231,0.410594296,-0.061486387,0.435362324
13.700000000,5.173158447,-2.929659518,-4.926264756,0.800610160,0.398843379,-0.059314937,0.443203191
13.800000000,5.241095410,-2.785528334,-4.910342224,0.819296318,0.371273532,-0.096070554,0.426239318
13.900000000,5.090846594,-2.637370275,-4.920937466,0.812566668,0.406486738,-0.079393307,0.410122719
14.000000000,4.968894295,-2.569328536,-4.826441762,0.821542035,0.376406164,-0.104206888,0.415364912
14.100000000,4.880412945,-2.424292151,-4.796762041,0.822577952,0.396128115,-0.080976814,0.399863457
14.200000000,4.764727765,-2.231172253,-4.950660318,0.832355275,0.375555330,-0.061703947,0.402908815
14.300000000,4.735069249,-2.044370222,-5.006025145,0.821969985,0.405129560,-0.106486424,0.385870477
14.400000000,4.641808164,-1.920681243,-5.030908698,0.848377402,0.372409281,-0.104805567,0.361362567
14.500000000,4.451839131,-1.716346379,-4.955956700,0.848330845,0.379084895,-0.090122887,0.358479127
14.600000000,4.482883619,-1.647414795,-4.929476483,0.860990369,0.343385382,-0.115004688,0.357149808
14.700000000,4.348446726,-1.544441340,-5.002699478,0.863859070,0.370205376,-0.113031351,0.322365320
14.800000000,4.257011571,-1.405374678,-5.041111961,0.850509519,0.374007364,-0.126430869,0.347515878
14.900000000,4.004518929,-1.262672626,-5.055943835,0.857318589,0.408922322,-0.080383153,0.302201789
15.000000000,4.111019836,-1.201963412,-4.999890764,0.864259688,0.361460682,-0.141980690,0.319754359
15.100000000,3.929567238,-0.791140455,-5.010634912,0.857113344,0.394962023,-0.142602146,0.298372829
15.200000000,3.844512691,-0.828827425,-5.000094307,0.873707142,0.346394579,-0.154905786,0.304385978
15.300000000,3.742182896,-0.528181016,-5.038806009,0.869991919,0.368345289,-0.119484742,0.305219929
15.400000000,3.625877985,-0.374548823,-4.924873909,0.858402759,0.381614921,-0.138490701,0.313584249
15.500000000,3.571138726,-0.349849282,-5.005257444,0.866482150,0.392949818,-0.143932787,0.272180963
15.600000000,3.379199257,-0.174952791,-5.084141466,0.862361835,0.405706334,-0.157454643,0.258732433
15.700000000,3.436033157,-0.114762978,-5.075970768,0.866533689,0.414006026,-0.158839089,0.229103733
15.800000000,3.219207251,0.088661588,-5.089196011,0.888853183,0.369153841,-0.131044607,0.237682081
15.900000000,3.180838056,0.221059330,-5.034893139,0.877529601,0.406564076,-0.124917518,0.221456690
16.000000000,3.101355993,0.511101637,-4.988363042,0.894933349,0.369017173,-0.130263119,0.214364520
16.100000000,3.040682257,0.597501174,-4.945791784,0.868509102,0.411492740,-0.164515146,0.222037007
16.200000000,2.848458445,0.785050714,-4.993480883,0.887569665,0.379232530,-0.124525774,0.229991545
16.300000000,2.811214355,0.944955315,-4.943186380,0.886459518,0.392093650,-0.147918799,0.196397863
16.400000000,2.691393058,1.055375374,-4.980045699,0.883452969,0.415134229,-0.134465587,0.170567959
16.500000000,2.524535335,1.168233440,-4.802821326,0.882782221,0.409088027,-0.119923531,0.197385114
16.600000000,2.479053076,1.343767179,-5.036445867,0.883205387,0.424510951,-0.114950886,0.162864949
16.700000000,2.389220702,1.411201763,-4.928171549,0.894160245,0.396531337,-0.101758408,0.181343822
16.800000000,2.289383295,1.661371952,-4.886549401,0.881685566,0.441439226,-0.124124429,0.111153493
16.900000000,2.179574555,1.748262576,-4.940127174,0.878150599,0.431806985,-0.130294491,0.159428975
17.000000000,2.179346969,1.828232197,-5.005884836,0.875242756,0.440451016,-0.150973337,0.130996456
17.100000000,1.999516320,2.063794288,-5.006080328,0.881810326,0.454693249,-0.047287729,0.115881269
17.200000000,1.853678033,2.273481212,-4.956899609,0.877165063,0.447659646,-0.128965254,0.116405572
17.300000000,1.763722446,2.374535210,-4.953345343,0.876100588,0.462487344,-0.092663466,0.099833356
17.400000000,1.721666727,2.539650397,-4.868394843,0.863648532,0.489707871,-0.099029781,0.067011314
17.500000000,1.654681376,2.681710383,-4.994203414,0.874987702,0.469702745,-0.092061841,0.072804333
17.600000000,1.531755231,2.759691838,-4.881465316,0.866885735,0.492868942,-0.062490578,0.041039695
17.700000000,1.427429274,2.890162202,-4.945269729,0.851114912,0.522270147,-0.042046170,0.032701991
17.800000000,1.407565855,3.043440267,-4.895357277,0.862512925,0.502598104,-0.029139212,0.051161574
17.900000000,1.345924585,3.245248015,-4.985614453,0.879611479,0.467345724,-0.074286930,0.048508476
18.000000000,1.218444393,3.263194821,-4.917264961,0.852608104,0.515407439,-0.068712309,0.051896163
18.100000000,1.168932134,3.438269757,-4.880748107,0.852125984,0.520814400,-0.037702563,0.034816439
18.200000000,0.996987841,3.528997356,-4.908655877,0.859526993,0.509495894,-0.039977149,-0.005395361
18.300000000,1.077137408,3.656502808,-4.918387794,0.844694130,0.535127512,-0.011144956,0.002482536
18.400000000,0.878813212,3.808975996,-4.850080112,0.847232725,0.530459091,-0.018349829,0.021751918
18.500000000,0.844988753,3.870266384,-4.840227248,0.827920369,0.560655892,-0.013444598,0.005663565
18.600000000,0.691973022,4.129405990,-4.716289755,0.829538141,0.557105233,-0.017031876,-0.034787172
18.700000000,0.673976401,4.228960013,-4.716746927,0.835857541,0.547669526,-0.015919439,-0.033864919
18.800000000,0.658414003,4.458630793,-4.708369132,0.814504449,0.579615144,0.024646780,0.004617722
18.900000000,0.695872370,4.474959386,-4.696792929,0.831817974,0.554794490,-0.001373340,-0.016734555
19.000000000,0.482826662,4.536953262,-4.789694712,0.806172481,0.581782355,0.038261008,-0.100753749
19.100000000,0.505270542,4.696542070,-4.668571233,0.791640157,0.609412835,0.024905724,-0.036077183
19.200000000,0.480362944,4.829902972,-4.631783191,0.786935667,0.613276898,0.020291365,-0.064899641
19.300000000,0.451215170,4.875762623,-4.666849601,0.804504510,0.590938225,0.037145067,-0.046741316
19.400000000,0.365587318,4.991415856,-4.633523115,0.787451311,0.607040119,0.051847174,-0.093459069
19.500000000,0.331650148,5.236839947,-4.593133603,0.755617671,0.650859991,0.033487278,-0.065588184
19.600000000,0.217819713,5.234307725,-4.740619072,0.785440082,0.610672363,0.071487483,-0.071082219
19.700000000,0.268713760,5.441777991,-4.632358591,0.764327140,0.629300710,0.114702073,-0.081412978
19.800000000,0.258526805,5.439900641,-4.683071519,0.763225305,0.625710894,0.109590310,-0.118165034
19.900000000,0.207562785,5.529967019,-4.584714098,0.758659415,0.629573211,0.108913106,-0.127323994
20.000000000,0.245383865,5.705767825,-4.669300507,0.731780943,0.659011766,0.120017807,-0.125681622
20.100000000,0.070628117,5.800777343,-4.445559056,0.739446324,0.652581342,0.121954422,-0.111731126
20.200000000,0.029097666,5.872638093,-4.459769770,0.720665912,0.664358725,0.153411454,-0.125431470
20.300000000,0.015711618,5.941152797,-4.517789128,0.704254211,0.690668081,0.136376713,-0.091678789
20.400000000,0.046561094,6.027392693,-4.446463705,0.683171834,0.692757111,0.186267452,-0.136631863
20.500000000,0.077271084,6.151685003,-4.502212415,0.671214601,0.698904105,0.187519111,-0.160750099
20.600000000,0.007086065,6.157815318,-4.456125797,0.685395389,0.685500667,0.181764886,-0.165177243
20.700000000,0.042890381,6.335113463,-4.457428120,0.660679335,0.682153685,0.241114755,-0.200082089
20.800000000,0.068711753,6.312135965,-4.355443697,0.625498127,0.726572351,0.229136305,-0.168348644
20.900000000,-0.007925045,6.496165470,-4.359832157,0.640667650,0.711486126,0.227000026,-0.178335197
21.000000000,0.085355806,6.484017105,-4.301927536,0.617048122,0.724113447,0.238605532,-0.194881326
21.100000000,0.067645363,6.639712084,-4.267299971,0.628619428,0.702566035,0.268384101,-0.198011504
21.200000000,-0.026440719,6.614365408,-4.301050671,0.633997654,0.709471389,0.230528357,-0.203847985
21.300000000,0.053279223,6.594371847,-4.206912438,0.586287023,0.735908734,0.258456254,-0.218874909
21.400000000,0.048147047,6.761432182,-4.176149613,0.595268332,0.728640883,0.271319151,-0.202790520
21.500000000,0.110212638,6.929602734,-4.197920141,0.600353148,0.721196773,0.277477825,-0.206051858
21.600000000,0.057147434,6.938666383,-4.188468605,0.594614607,0.717462579,0.300121750,-0.203980028
21.700000000,0.086332062,7.020415494,-4.147130116,0.590722904,0.722891898,0.308387232,-0.182677499
21.800000000,0.136096952,7.032787480,-4.136913259,0.569990353,0.722899594,0.325954980,-0.215129090
21.900000000,0.109415613,7.115809636,-4.079981851,0.551203303,0.726046644,0.335397779,-0.237780404
22.000000000,0.195064991,7.117550908,-4.059644738,0.545487341,0.725684010,0.344314697,-0.239319174
22.100000000,0.256344149,7.083877441,-3.953837438,0.536607627,0.723617636,0.366972975,-0.231863337
22.200000000,0.225007833,7.225971609,-4.011590771,0.513817149,0.732014680,0.381733422,-0.233293894
22.300000000,0.265731689,7.292383238,-4.025263306,0.502079382,0.742500191,0.379435153,-0.229431308
22.400000000,0.295559805,7.301517677,-3.958232663,0.516432071,0.726709012,0.393114056,-0.225062805
22.500000000,0.418333878,7.256397464,-3.878666804,0.508777874,0.722589669,0.407880692,-0.229439724
22.600000000,0.429046034,7.297047991,-3.810164765,0.500480948,0.730822608,0.400734650,-0.234155668
22.700000000,0.393809668,7.385607723,-3.932566221,0.451293965,0.732041217,0.445087392,-0.249693068
22.800000000,0.564762585,7.460504279,-3.843695848,0.478927259,0.728656022,0.428643702,-0.236545258
22.900000000,0.508831176,7.448749329,-3.711773114,0.468431522,0.721591473,0.429542117,-0.274538203
23.000000000,0.666424512,7.471034797,-3.744203285,0.434986902,0.719359318,0.477692129,-0.255183848
23.100000000,0.669341985,7.448200554,-3.599933736,0.431495639,0.713190686,0.495645000,-0.243939734
23.200000000,0.861229338,7.431467132,-3.653029730,0.446595183,0.706889344,0.492849248,-0.240748450
23.300000000,0.858713813,7.538440735,-3.635024526,0.427899598,0.717530883,0.488016335,-0.252767527
23.400000000,0.879160216,7.448695849,-3.610551281,0.457569116,0.670684813,0.527960346,-0.249139034
23.500000000,0.918690789,7.484279741,-3.553462765,0.422849201,0.700365145,0.521787454,-0.241712784
23.600000000,1.005710030,7.547021610,-3.528532104,0.403228261,0.694321915,0.537570386,-0.257569657
23.700000000,1.132313179,7.464824795,-3.460761902,0.438400012,0.655597324,0.562913498,-0.247236673
23.800000000,1.202502882,7.475809512,-3.412441012,0.399612999,0.696787592,0.540161536,-0.251041865
23.900000000,1.236673418,7.488498242,-3.409619470,0.373610284,0.686002530,0.573475536,-0.246863716
24.000000000,1.289036117,7.425803922,-3.355701521,0.391719368,0.687913002,0.554596363,-0.256426426
24.100000000,1.417683249,7.505013037,-3.364509918,0.364422079,0.690224609,0.565390760,-0.266683007
24.200000000,1.581088977,7.498664818,-3.303120149,0.395732673,0.651894186,0.596378317,-0.250524499
24.300000000,1.483480620,7.428345906,-3.232876205,0.370227359,0.654528970,0.604226848,-0.263502270
24.400000000,1.682932492,7.289992965,-3.346575406,0.383085048,0.648636393,0.616278573,-0.229602692
24.500000000,1.750865099,7.457506463,-3.167860184,0.382716015,0.646878245,0.623756529,-0.214487250
24.600000000,1.870020214,7.332287618,-3.217572978,0.351920023,0.640607760,0.637769663,-0.242948252
24.700000000,1.995291690,7.292559314,-3.165621006,0.362698923,0.604271754,0.665247175,-0.246477859
24.800000000,1.922274735,7.339288588,-3.159524492,0.354447676,0.633183225,0.650623331,-0.223908751
24.900000000,2.098109022,7.176532893,-3.070169634,0.326588812,0.634492254,0.662724563,-0.227058320
25.000000000,2.188173552,7.093864204,-3.052325258,0.334045593,0.612583464,0.687182701,-0.202323940
25.100000000,2.315319045,7.215736207,-2.958879519,0.342780713,0.589228577,0.700246039,-0.212053182
25.200000000,2.350339580,7.154262385,-2.919795001,0.338354239,0.574538882,0.713149880,-0.216422574
25.300000000,2.589304399,7.085701381,-2.852599293,0.313944134,0.609864469,0.694546125,-0.217048591
25.400000000,2.645323383,6.918139366,-2.836896888,0.348413990,0.563286005,0.711153493,-0.235748336
25.500000000,2.649281324,7.017791168,-2.794646007,0.346335411,0.588794757,0.706515829,-0.184953783
25.600000000,2.809400864,6.913345935,-2.691799526,0.329841240,0.558415878,0.735772653,-0.194974530
25.700000000,2.862068966,6.825742428,-2.715768756,0.304446441,0.566372445,0.741772699,-0.190546270
25.800000000,3.024232429,6.750082221,-2.627086731,0.286365732,0.552853341,0.761475072,-0.180287450
25.900000000,3.064648608,6.665830759,-2.729373060,0.317656252,0.551002817,0.750369150,-0.180101468
26.000000000,3.217399616,6.600584799,-2.506700336,0.324484643,0.532624587,0.760666133,-0.180021666
26.100000000,3.212854825,6.563598114,-2.533307744,0.334210263,0.515988883,0.769097546,-0.174779682
26.200000000,3.368713071,6.516185027,-2.520514166,0.338092555,0.495421019,0.782980265,-0.164904039
26.300000000,3.476880440,6.465195443,-2.424188982,0.325133424,0.481601192,0.799045547,-0.154514601
26.400000000,3.612188775,6.384177902,-2.345244819,0.319171648,0.483496698,0.802391169,-0.143278798
26.500000000,3.709304622,6.299109196,-2.359191537,0.317986998,0.485154367,0.801007984,-0.147972019
26.600000000,3.741042649,6.124913290,-2.307485953,0.321154901,0.491098293,0.801762544,-0.113396735
26.700000000,3.945559688,6.100724049,-2.336972236,0.327721221,0.447065914,0.819181675,-0.147214993
26.800000000,3.927922992,5.954276092,-2.292875579,0.359579955,0.462708546,0.796232963,-0.150386587
26.900000000,4.113210052,5.976431056,-2.191772512,0.312608380,0.470280179,0.817389941,-0.113957181
27.000000000,4.137752921,5.827096606,-2.178172909,0.322542174,0.447193236,0.826454900,-0.113829057
27.100000000,4.323005142,5.679313390,-2.089334415,0.328644135,0.413465979,0.844099892,-0.092381212
27.200000000,4.359087487,5.571982947,-2.047376296,0.343673796,0.439188911,0.825425880,-0.087598734
27.300000000,4.526214526,5.492097166,-1.956702122,0.305536434,0.424096600,0.849689435,-0.069407677
27.400000000,4.512224926,5.384978355,-2.045272066,0.351627523,0.425699977,0.830327255,-0.075460347
27.500000000,4.573821941,5.256462776,-1.934732576,0.346007206,0.418059216,0.836974060,-0.070568603
27.600000000,4.725078190,5.206587203,-1.856027580,0.365430606,0.392300221,0.841638100,-0.064856123
27.700000000,4.861381630,5.043538189,-1.792720656,0.360370952,0.358353424,0.858811696,-0.064483113
27.800000000,4.928062575,5.021930765,-1.873641394,0.341317760,0.366691828,0.863415749,-0.059603143
27.900000000,4.921789649,4.827204241,-1.806133357,0.347861002,0.358028467,0.865970093,-0.030068889
28.000000000,5.020468624,4.760317259,-1.636247429,0.350432490,0.332602645,0.875489695,-0.009504913
28.100000000,5.097749610,4.595761734,-1.649229150,0.374772966,0.322026962,0.865811316,-0.078832892
28.200000000,5.268939860,4.503850062,-1.534530261,0.336371407,0.308129937,0.889641211,-0.021183340
28.300000000,5.307815012,4.336092202,-1.501567384,0.355279611,0.331981778,0.873807686,0.004962385
28.400000000,5.435890241,4.291299494,-1.473872660,0.352704111,0.283573963,0.891522031,-0.019341295
28.500000000,5.414442249,4.043822642,-1.396163394,0.381593050,0.305667046,0.871653969,-0.034260169
28.600000000,5.537656219,4.022287616,-1.369748118,0.368632025,0.309888707,0.875830624,-0.031624956
28.700000000,5.555714592,3.967658419,-1.313568157,0.376626630,0.291688361,0.878711429,0.030602374
28.800000000,5.734739374,3.714055109,-1.270304962,0.396273325,0.288761369,0.871483135,-0.010073164
28.900000000,5.745669223,3.457638934,-1.174344821,0.377373849,0.293000924,0.878473629,0.004849716
29.000000000,5.784659903,3.476897307,-1.219640565,0.400235326,0.266933123,0.876637732,-0.008042327
29.100000000,5.916184035,3.377920591,-1.148759660,0.394107786,0.256391751,0.881934369,0.033676275
29.200000000,6.085922863,3.233627651,-1.097050636,0.405238483,0.238899070,0.882444437,-0.000906657
29.300000000,6.025515763,3.068639970,-0.969322105,0.369789868,0.289444847,0.882716357,-0.016999010
29.400000000,6.079348472,2.926316100,-1.006587529,0.409633339,0.262548048,0.873649455,0.002383342
29.500000000,6.118274635,2.764047387,-0.997147053,0.414242885,0.243218133,0.876551339,0.030091902
29.600000000,6.270317828,2.690799492,-0.970194599,0.389726865,0.197612430,0.898385151,0.044344317
29.700000000,6.358939037,2.475297389,-0.832039721,0.438918312,0.181588263,0.878679376,0.047947603
29.800000000,6.335703664,2.320687738,-0.708956175,0.404604542,0.235880440,0.882675759,0.039231198
29.900000000,6.377323034,2.200371817,-0.807723055,0.437822097,0.196761451,0.875528412,0.055197303
40.000000000,0.593718128,-7.469057607,3.736423982,0.612722838,0.753717972,0.231659002,0.053047614
40.100000000,0.543169187,-7.335503303,3.750879923,0.609996872,0.752184195,0.240263490,0.066303912
40.200000000,0.486745509,-7.399577867,3.951199793,0.592159536,0.765638502,0.245935196,0.051581460
40.300000000,0.313333569,-7.341621857,3.938819360,0.612511983,0.751218426,0.238694399,0.059371123
40.400000000,0.371839509,-7.379134535,3.978855548,0.606556031,0.765862487,0.201199573,0.071155920
40.500000000,0.328433806,-7.204239142,3.923700552,0.608762893,0.759828114,0.220210598,0.059801926
40.600000000,0.303794976,-7.259826005,3.913569206,0.621454898,0.758767276,0.175307860,0.085634015
40.700000000,0.221617092,-7.135965914,4.077886153,0.606836760,0.760898471,0.201690062,0.110017190
40.800000000,0.201090007,-7.157482898,4.081258632,0.613518820,0.757111867,0.196160498,0.109074918
40.900000000,0.175922204,-7.172682472,4.098701485,0.635578561,0.743276623,0.176169127,0.112000861
41.000000000,0.194304782,-7.050776116,4.122975744,0.624856185,0.748654707,0.161367895,0.151760603
41.100000000,0.057607193,-7.019754733,4.025584444,0.634545967,0.741884512,0.171817914,0.132050712
41.200000000,0.158716334,-6.940933221,4.148065633,0.612926220,0.758710916,0.143499762,0.167591805
41.300000000,0.009015915,-6.854640656,4.081973321,0.634968922,0.735786961,0.150953040,0.180679816
41.400000000,0.082538404,-6.728926412,4.257146416,0.618621648,0.748233526,0.181216410,0.156889961
41.500000000,0.093116423,-6.790081971,4.300591240,0.643677888,0.734168709,0.151775153,0.153751052
41.600000000,-0.058448222,-6.683528668,4.176135816,0.625097723,0.736338275,0.140207177,0.217717084
41.700000000,-0.034690679,-6.661299858,4.270629282,0.621245586,0.733057229,0.107877211,0.255036326
41.800000000,0.055803490,-6.546477835,4.305298543,0.641896638,0.728772008,0.106845282,0.213176341
41.900000000,0.011390114,-6.475145037,4.357516298,0.653307834,0.709346559,0.106046658,0.242426153
42.000000000,0.011598461,-6.409036137,4.446326707,0.649786876,0.698922879,0.135314912,0.266408895
42.100000000,0.020127171,-6.326398555,4.359398682,0.664945453,0.666769127,0.100821353,0.321094271
42.200000000,0.053003548,-6.253574991,4.434690859,0.643564348,0.707327082,0.094683148,0.276673870
42.300000000,-0.015656782,-6.150568869,4.394175361,0.653982863,0.688123560,0.072027356,0.305948428
42.400000000,0.151199278,-6.055258601,4.376943240,0.679287109,0.654361594,0.064327829,0.325947633
42.500000000,0.126114631,-6.037409983,4.374722539,0.665621575,0.653297568,0.076982447,0.352454124
42.600000000,0.136686310,-5.967792689,4.412295275,0.652432275,0.659238409,0.057119622,0.369424140
42.700000000,0.062844166,-5.844034032,4.601040311,0.666006730,0.663323989,0.047844829,0.337856765
42.800000000,0.076284716,-5.772667552,4.573374040,0.674732472,0.636176114,0.030510633,0.372941209
42.900000000,0.143979905,-5.718566176,4.596923950,0.678095504,0.628940573,0.047372725,0.377327534
43.000000000,0.230402507,-5.381606615,4.580424507,0.664333570,0.635996356,0.038984933,0.390704132
43.100000000,0.264327267,-5.412814955,4.614170702,0.675816329,0.603425548,0.016186478,0.422951411
43.200000000,0.236630759,-5.297469702,4.626301976,0.677296027,0.618766758,-0.003546509,0.397976398
43.300000000,0.284096161,-5.118120725,4.594979455,0.669146596,0.594797037,0.037756473,0.443884858
43.400000000,0.391015510,-5.040077854,4.658959333,0.675415279,0.592819421,-0.025727636,0.437855483
43.500000000,0.485984354,-5.020236496,4.658898155,0.661069116,0.588955671,0.019344547,0.464483186
43.600000000,0.393675767,-4.806429328,4.772432872,0.659779848,0.568903196,0.001612002,0.490955302
43.700000000,0.576597650,-4.755836826,4.755729222,0.671313350,0.560599491,-0.036691373,0.483446315
43.800000000,0.521895193,-4.563065028,4.802988881,0.677443984,0.543687671,0.016716924,0.495170586
43.900000000,0.641904699,-4.538099757,4.797430744,0.660991357,0.565817397,-0.015775003,0.492638050
44.000000000,0.627938381,-4.322790936,4.809124098,0.681291032,0.510548290,0.006625753,0.524537008
44.100000000,0.695016346,-4.231108737,4.784440742,0.668616712,0.521014385,-0.051617942,0.528044781
44.200000000,0.785444282,-4.171960734,4.867299067,0.646012752,0.512244119,-0.016624308,0.565682878
44.300000000,0.765951565,-4.005548881,4.787063180,0.647884488,0.503889544,-0.063450495,0.567727974
44.400000000,0.898780946,-3.826214581,4.782675789,0.673684824,0.477620215,-0.068442599,0.559770755
44.500000000,0.963276814,-3.654763819,4.778203240,0.672765143,0.469383022,-0.076571288,0.566748161
44.600000000,1.042099286,-3.663546265,4.867296062,0.657949976,0.471518338,-0.056381433,0.584459939
44.700000000,1.140257606,-3.453614769,4.915337809,0.652794681,0.450863840,-0.083340838,0.603021730
44.800000000,1.270336028,-3.411471625,4.879694670,0.647219537,0.444284769,-0.091715152,0.612622434
44.900000000,1.270529375,-3.168611673,4.861852072,0.653754924,0.418038313,-0.080785363,0.625557506
45.000000000,1.411453278,-3.140043200,4.854137793,0.643129384,0.427907156,-0.082901832,0.629608885
45.100000000,1.468635145,-3.007594933,4.881009949,0.633509031,0.411118374,-0.096221417,0.648374451
45.200000000,1.549021565,-2.833410656,4.813792504,0.620467426,0.398428066,-0.095296547,0.668725518
45.300000000,1.598485891,-2.769314044,4.979108227,0.632477922,0.410260324,-0.089046754,0.650944560
45.400000000,1.735740984,-2.556834843,4.935412211,0.614534614,0.382843073,-0.104058873,0.681872525
45.500000000,1.813779949,-2.391398968,4.927604633,0.642930899,0.359526685,-0.105851105,0.667964045
45.600000000,1.840331617,-2.253227263,4.780476683,0.610079754,0.389880030,-0.126847246,0.678016248
45.700000000,1.967438547,-2.100181457,4.871113183,0.631686495,0.344264359,-0.125686746,0.683123024
45.800000000,2.063636544,-1.896899981,5.027748623,0.607660452,0.326156715,-0.139774504,0.710516474
45.900000000,2.231811961,-1.864425104,5.005498509,0.612405771,0.343136975,-0.135279945,0.699224946
46.000000000,2.242683985,-1.680327568,4.921804409,0.609063984,0.331128982,-0.122642077,0.710178556
46.100000000,2.336183261,-1.530602573,4.865739914,0.603154608,0.302399965,-0.151434350,0.722375537
46.200000000,2.454435956,-1.373574495,4.843637410,0.584570624,0.324765872,-0.139531411,0.730298089
46.300000000,2.552507520,-1.290024367,4.993766556,0.590651325,0.303873350,-0.128357074,0.736421388
46.400000000,2.627591474,-1.108308391,4.949854682,0.588696030,0.291399077,-0.156911388,0.737497375
46.500000000,2.709792921,-1.065540063,5.007071226,0.578833650,0.273810273,-0.142610720,0.754746131
46.600000000,2.898812611,-0.881225137,5.041032504,0.598789980,0.263047303,-0.149527513,0.741551211
46.700000000,2.978870200,-0.676746498,5.076752602,0.560189083,0.283207338,-0.162608193,0.761275489
46.800000000,3.063206372,-0.462163450,4.958776128,0.559949503,0.262811046,-0.133535073,0.774309558
46.900000000,3.160166900,-0.256044362,5.096450022,0.552964044,0.279093295,-0.143740228,0.771800781
47.000000000,3.348851329,-0.218832497,5.030667672,0.548771567,0.246648554,-0.146018595,0.785297923
47.100000000,3.328036799,-0.036471973,4.959936374,0.537951533,0.250874249,-0.143501296,0.791882338
47.200000000,3.374652550,0.068546085,4.943934507,0.527916443,0.249141747,-0.120723858,0.802906202
47.300000000,3.515017709,0.351799747,5.059403918,0.519539412,0.271977414,-0.159400710,0.794165284
47.400000000,3.629846181,0.470476085,4.919822177,0.522328274,0.261984274,-0.189249897,0.789127297
47.500000000,3.724043457,0.489892382,4.930232263,0.525541283,0.201422747,-0.167098101,0.809514337
47.600000000,3.917251100,0.716691409,4.985612332,0.505757934,0.253364599,-0.168080880,0.807319088
47.700000000,3.918046574,0.872207625,4.996915980,0.498373815,0.238592086,-0.151340396,0.819630064
47.800000000,4.129960432,0.977344025,4.926656384,0.503622558,0.251923959,-0.124411775,0.816957984
47.900000000,4.170517308,1.042569754,4.871587571,0.477678575,0.253374847,-0.145780055,0.828476036
48.000000000,4.285606039,1.317955366,4.936308746,0.497474169,0.228826786,-0.132598409,0.826181224
48.100000000,4.393811520,1.523624280,5.018819949,0.481349481,0.238845846,-0.126689738,0.833789571
48.200000000,4.486617383,1.576261860,5.082201551,0.464268486,0.225826162,-0.112904366,0.848946360
48.300000000,4.521175489,1.699354321,5.024315173,0.460007438,0.223996100,-0.123059812,0.850338278
48.400000000,4.584790796,1.863822587,4.911871065,0.445771752,0.224471804,-0.123797249,0.857656222
48.500000000,4.766280989,1.987306526,5.033971116,0.451776330,0.261247928,-0.145786082,0.840472538
48.600000000,4.833483791,2.204269319,4.912844296,0.470313233,0.242891055,-0.138277662,0.837071494
48.700000000,4.839769906,2.201447264,4.978069318,0.454573881,0.234509056,-0.070572434,0.856380535
48.800000000,4.976971127,2.364548700,4.944093738,0.424536667,0.262227662,-0.074481803,0.863398942
48.900000000,5.028438706,2.643900972,4.844047841,0.401289647,0.219307761,-0.095640223,0.884151386
49.000000000,5.099087352,2.715845345,4.928984787,0.415931586,0.238316482,-0.083735400,0.873610069
49.100000000,5.208543606,2.877719786,4.867341616,0.396302012,0.257742859,-0.098695255,0.875655515
49.200000000,5.212963896,3.032379901,4.873213836,0.398441453,0.238185729,-0.082008036,0.881922133
49.300000000,5.370966077,3.165522686,4.931616027,0.413815247,0.257132418,-0.057657016,0.871387129
49.400000000,5.456283498,3.319703225,4.975055612,0.378126191,0.274611904,-0.072314126,0.881124028
49.500000000,5.613539571,3.384159715,4.782003204,0.389080101,0.260749996,-0.077447187,0.880129563
49.600000000,5.611073439,3.465532756,4.822323432,0.358101173,0.238340168,-0.099241465,0.897278466
49.700000000,5.713162250,3.792050027,4.801596135,0.386658930,0.268850331,-0.074526892,0.879010872
49.800000000,5.813624155,3.812804612,4.751876021,0.368626043,0.226994928,-0.054809407,0.899768899
49.900000000,5.850470976,3.952660535,4.768899193,0.327214649,0.276517967,-0.067625715,0.901052246
50.000000000,5.874543515,4.012906515,4.778432208,0.367053518,0.288748543,-0.031635957,0.883682726
50.100000000,6.044692134,4.221459933,4.806790339,0.331991481,0.269288570,-0.059199276,0.902086896
50.200000000,6.019935189,4.310072195,4.770708406,0.341990943,0.280002758,-0.017463121,0.896847640
50.300000000,6.066317353,4.550209641,4.794933545,0.343333326,0.305560332,-0.026088461,0.887735604
50.400000000,6.171983653,4.533488869,4.738561275,0.327246369,0.302069367,-0.022614676,0.895071219
50.500000000,6.237179715,4.699594174,4.622085578,0.310340786,0.320020778,-0.017504478,0.894968654
50.600000000,6.282620372,4.827516221,4.644751083,0.289575476,0.329375874,-0.033563521,0.898070748
50.700000000,6.257158605,4.953460168,4.624534994,0.290012771,0.329234680,-0.011100040,0.898539875
50.800000000,6.383487526,5.026089150,4.610560762,0.295998073,0.329276981,-0.004278681,0.896628966
50.900000000,6.420653925,5.178245393,4.600516825,0.303165491,0.317097698,0.008864589,0.898588423
51.000000000,6.420040837,5.213870841,4.633280065,0.286466340,0.339569412,0.022525103,0.895612790
51.100000000,6.466057246,5.331785267,4.637419343,0.279909248,0.322336264,0.035873982,0.903583534
51.200000000,6.509426740,5.506129824,4.625023600,0.291525161,0.316972050,0.029578264,0.902034881
51.300000000,6.541588542,5.504466368,4.526910279,0.283101795,0.369964561,0.016644704,0.884704782
51.400000000,6.466863082,5.607609202,4.578180764,0.261040492,0.346021767,0.051864956,0.899687070
51.500000000,6.598946188,5.746500899,4.476694678,0.266275587,0.356561177,0.037738500,0.894727469
51.600000000,6.659422715,5.767545402,4.476235169,0.276856685,0.368623737,0.092047424,0.882606474
51.700000000,6.612578054,5.989069097,4.480635655,0.283749087,0.376119427,0.050017094,0.880635522
51.800000000,6.671722301,6.070256247,4.462797298,0.218089430,0.390925063,0.058583143,0.892290654
51.900000000,6.667586476,6.131669486,4.483637891,0.241299679,0.368794028,0.068472919,0.895028988
52.000000000,6.657824052,6.214295936,4.430025989,0.255458248,0.396948277,0.085091586,0.877458016
52.100000000,6.686373999,6.270875131,4.403802958,0.234881993,0.423937410,0.129527758,0.865060739
52.200000000,6.629913605,6.343933857,4.423024825,0.237133358,0.377744278,0.080231135,0.891425822
52.300000000,6.772399828,6.408795900,4.340287074,0.233913871,0.422134723,0.094718910,0.870697941
52.400000000,6.736211646,6.559649094,4.251630062,0.239244989,0.437081512,0.116573973,0.859146143
52.500000000,6.669543812,6.570023369,4.227305449,0.223362501,0.428554753,0.129503775,0.865839932
52.600000000,6.684156588,6.689067246,4.255416236,0.224434321,0.449062741,0.127731013,0.855369323
52.700000000,6.683336850,6.728820898,4.292114822,0.228168521,0.463280632,0.125984046,0.847017238
52.800000000,6.675635328,6.770062951,4.268033122,0.223562071,0.440031684,0.151209938,0.856462301
52.900000000,6.629818409,6.805243452,4.199867603,0.196433206,0.467558812,0.149415768,0.848809567
53.000000000,6.620874451,6.876737334,4.188060094,0.193237679,0.472246863,0.154574625,0.846019376
53.100000000,6.576302205,7.008061852,4.170715237,0.204487861,0.499410612,0.146004204,0.829129982
53.200000000,6.512535038,7.084905225,4.135705380,0.215591697,0.506083081,0.159369330,0.819757008
53.300000000,6.582600843,7.063109544,4.109665516,0.195050166,0.491511003,0.148621786,0.835633850
53.400000000,6.523671508,7.155680516,4.054936420,0.219385476,0.508888284,0.168052208,0.815267553
53.500000000,6.438072035,7.219522449,4.041791695,0.224559991,0.513558794,0.168974338,0.810726741
53.600000000,6.524424601,7.186475013,4.053853837,0.189629541,0.526185815,0.173724229,0.810548591
53.700000000,6.501328396,7.314689531,3.922643163,0.187625381,0.541244194,0.168627910,0.802132201
53.800000000,6.420538299,7.256067022,3.962897817,0.203605350,0.543462106,0.163779193,0.797728134
53.900000000,6.425142412,7.242449639,3.930370777,0.222430157,0.541490900,0.174097527,0.791834882
54.000000000,6.219942567,7.405631291,3.849951537,0.225842801,0.526430916,0.164898973,0.802915841
54.100000000,6.265855824,7.395578896,3.836790031,0.230750580,0.545481757,0.173441480,0.786842981
54.200000000,6.175182660,7.371840215,3.793516080,0.213695779,0.567909082,0.213731929,0.765592615
54.300000000,6.106166852,7.491119232,3.692868478,0.241273400,0.562637404,0.213144357,0.761443222
54.400000000,6.093570996,7.477547151,3.731599565,0.213249279,0.544659850,0.195177657,0.787258582
54.500000000,6.150779930,7.487493347,3.618205750,0.237676356,0.574689117,0.210116927,0.754382692
54.600000000,5.949150603,7.611565731,3.599695487,0.237263481,0.573885665,0.206282115,0.756180516
54.700000000,5.864073363,7.495785728,3.517677743,0.246353565,0.587153785,0.220865698,0.738768365
54.800000000,5.839433937,7.456375585,3.563740905,0.221797257,0.582492921,0.209587016,0.753379889
54.900000000,5.800584938,7.451730818,3.564952757,0.266711227,0.599219327,0.191564551,0.730139947
55.000000000,5.746360811,7.510894171,3.498008150,0.224895465,0.604221669,0.190155905,0.740391070
55.100000000,5.553594693,7.473072001,3.434930242,0.305942134,0.621689996,0.202914524,0.691900756
55.200000000,5.567423852,7.556344544,3.408544909,0.250125151,0.619230227,0.214032177,0.712868545
55.300000000,5.460840154,7.479134762,3.488449470,0.242381349,0.604930740,0.234207864,0.721426890
55.400000000,5.469610194,7.418326016,3.358778421,0.246603509,0.613543137,0.208222623,0.720690549
55.500000000,5.352599952,7.486495278,3.411883559,0.278123771,0.599957088,0.201425651,0.722583121
55.600000000,5.250022664,7.370670420,3.319167715,0.295184839,0.622631362,0.201219513,0.696208880
55.700000000,5.256975063,7.511990868,3.288274705,0.285600861,0.623264272,0.203893642,0.698857052
55.800000000,5.063559836,7.409284067,3.174327950,0.284502391,0.627058987,0.181424703,0.702097211
55.900000000,4.932807390,7.320765514,3.182486396,0.294466442,0.624728232,0.214716484,0.690580178
56.000000000,4.842150408,7.256221291,3.147311640,0.299403998,0.648733882,0.202923977,0.669569605
56.100000000,4.812668633,7.183926428,3.061427064,0.329401925,0.650670309,0.202319940,0.653597095
56.200000000,4.740706607,7.291166168,3.027794685,0.350677983,0.640367974,0.192960125,0.655530472
56.300000000,4.662964222,7.203622702,2.962567316,0.340831616,0.632248021,0.228480996,0.657185426
56.400000000,4.447429276,7.184838862,2.999433601,0.363835245,0.636739070,0.211716469,0.646036693
56.500000000,4.482451027,7.225355844,2.960673834,0.341187537,0.651356603,0.205129335,0.645947053
56.600000000,4.379872048,7.136782485,2.933009128,0.389315688,0.618582401,0.199442146,0.652695900
56.700000000,4.300926279,7.072031919,2.838908774,0.384324064,0.642086501,0.196597353,0.633537229
56.800000000,4.183375305,7.083282155,2.852064806,0.377327133,0.615955221,0.216593868,0.656742337
56.900000000,4.011415323,7.005810876,2.743460783,0.415556654,0.647385716,0.179886773,0.613062111
57.000000000,3.905607271,6.724859734,2.774397527,0.393207688,0.647292930,0.184867832,0.626277463
57.100000000,3.812834334,6.842732044,2.726105967,0.407878873,0.619840512,0.191491434,0.642466805
57.200000000,3.784709549,6.764683796,2.708017031,0.416031620,0.625263428,0.216232185,0.623864552
57.300000000,3.671371753,6.789374914,2.550614857,0.466344694,0.613282149,0.173721799,0.613374574
57.400000000,3.617602075,6.691630593,2.610100282,0.445415695,0.648801039,0.199098953,0.583970614
57.500000000,3.396164115,6.562112423,2.507137408,0.475712789,0.604949792,0.206639069,0.604179929
57.600000000,3.288304514,6.510457979,2.441414782,0.487273864,0.611350717,0.178169744,0.597553366
57.700000000,3.255015641,6.405223099,2.477533288,0.485381354,0.618046897,0.147156169,0.600639689
57.800000000,3.219699680,6.320662894,2.414327397,0.520102502,0.587324042,0.208480646,0.584020271
57.900000000,3.089776234,6.202338625,2.414038627,0.512224971,0.605597176,0.165280870,0.586139807
58.000000000,2.955683073,6.225396561,2.325226406,0.534995716,0.591691942,0.190380898,0.572219664
58.100000000,2.905121835,6.032713661,2.262294169,0.517059747,0.611585532,0.164588024,0.575780460
58.200000000,2.776216085,5.925600498,2.223293624,0.537679132,0.622395678,0.189609863,0.536258212
58.300000000,2.636714062,5.941382526,2.207427279,0.581013445,0.570860022,0.199452164,0.544757787
58.400000000,2.498899445,5.798250440,2.202600659,0.571889750,0.573099304,0.186017599,0.556683711
58.500000000,2.440121266,5.777556902,2.153564784,0.572860744,0.581902910,0.187922183,0.545806582
58.600000000,2.387107345,5.689489916,2.076748824,0.569652460,0.586886815,0.179109494,0.546790390
58.700000000,2.356145015,5.549143908,2.035205293,0.601274045,0.570158352,0.153020635,0.538492026
58.800000000,2.255217313,5.426266131,1.910764523,0.620476850,0.550911220,0.171319016,0.531182739
58.900000000,2.004898580,5.299652926,1.943236199,0.652348249,0.526771595,0.177249955,0.515301758
59.000000000,2.011527814,5.274392792,1.864479713,0.629910945,0.551635864,0.175626105,0.517750467
59.100000000,1.828051519,5.110804389,1.899733307,0.638369377,0.564861989,0.156142191,0.499034156
59.200000000,1.824668892,4.976151065,1.780125074,0.643064815,0.521452789,0.155933242,0.538738766
59.300000000,1.718390872,4.844451489,1.728751083,0.669008772,0.520590733,0.157035559,0.506707396
59.400000000,1.628104998,4.783942837,1.692783191,0.695996486,0.507153573,0.151651280,0.485165986
59.500000000,1.532456437,4.600369408,1.659839898,0.692241543,0.526418012,0.156468388,0.468191592
59.600000000,1.479419718,4.581626435,1.506993775,0.689477514,0.480741605,0.221439870,0.494441757
59.700000000,1.437731945,4.311651640,1.579780434,0.709103346,0.469165686,0.180511166,0.494440818
59.800000000,1.314621778,4.315832108,1.422044004,0.729690000,0.451186005,0.152514522,0.490635316
59.900000000,1.273178765,4.272437647,1.534030216,0.721094523,0.465790561,0.181547349,0.479689903
60.000000000,1.194683373,3.974245331,1.343140054,0.733143784,0.458528698,0.199782210,0.460802228
