t,valid,kind,px,py,pz,qw,qx,qy,qz,sigma_p,sigma_theta
0.000000000,True,good,-0.001762536,0.080458318,2.001399572,0.961017596,0.085124687,-0.146157328,0.218716718,0.013341950,0.034929143
0.066666667,True,good,-0.005405159,0.056140300,1.995003583,0.958488715,0.106438710,-0.180610694,0.193261383,0.013364459,0.034988071
0.133333333,True,good,-0.001803827,0.066898622,2.002432152,0.966772463,0.099020312,-0.116506998,0.204870941,0.013387021,0.035047140
0.200000000,True,good,0.003076781,0.080025334,2.022114540,0.966286498,0.100378363,-0.140336132,0.191103003,0.013409637,0.035106347
0.266666667,True,good,0.018950144,0.062871640,2.010522043,0.965772484,0.087396173,-0.115157528,0.215369824,0.013432304,0.035165689
0.333333333,True,good,0.011187911,0.075804870,2.027211986,0.953704132,0.118180577,-0.135224957,0.241238454,0.013455020,0.035225160
0.400000000,True,good,0.034504755,0.082222961,2.015763683,0.958622110,0.103638763,-0.074594386,0.254437291,0.013477785,0.035284758
0.466666667,True,good,0.032784215,0.063449615,2.023264732,0.960136323,0.104342305,-0.124571457,0.227448624,0.013500596,0.035344479
0.533333333,True,good,0.041352254,0.064847236,2.017705523,0.956407245,0.081917637,-0.122625039,0.252067018,0.013523453,0.035404317
0.600000000,True,good,0.040370001,0.078449772,2.051432286,0.972139466,0.110356658,-0.072259395,0.193764927,0.013546353,0.035464270
0.666666667,True,good,0.049158727,0.096661271,2.024924084,0.962197261,0.123558391,-0.099629455,0.221322675,0.013569295,0.035524332
0.733333333,True,good,0.044509185,0.111334792,2.039196217,0.969591135,0.077406054,-0.086695394,0.215372333,0.013592278,0.035584500
0.800000000,True,good,0.056378703,0.093103639,2.057583152,0.968565309,0.064643476,-0.046573999,0.235655101,0.013615298,0.035644768
0.866666667,True,good,0.045837518,0.076226889,2.046685769,0.965140920,0.101616160,-0.058345654,0.234036207,0.013638356,0.035705132
0.933333333,True,good,0.036528555,0.094185348,2.060119857,0.958689546,0.084311378,-0.080602216,0.259440221,0.013661448,0.035765588
1.000000000,True,good,0.049842766,0.096870079,2.019124485,0.961543219,0.092115380,-0.062140960,0.251173038,0.013684574,0.035826131
1.066666667,True,good,0.073031174,0.079023289,2.072710695,0.956620619,0.090314690,-0.031095954,0.275233154,0.013707731,0.035886756
1.133333333,True,good,0.068457182,0.070868290,2.054691143,0.960535299,0.075434974,-0.069355522,0.258594886,0.013730918,0.035947459
1.200000000,True,good,0.056965213,0.095184642,2.064789325,0.954064314,0.104519333,-0.029978690,0.279174269,0.013754132,0.036008233
1.266666667,True,good,0.042602014,0.109447552,2.067843182,0.958264888,0.087571294,-0.020095448,0.271396105,0.013777372,0.036069075
1.333333333,True,good,0.052811441,0.092036198,2.055377301,0.957462549,0.102306424,-0.021447513,0.268958858,0.013800636,0.036129980
1.400000000,True,good,0.082747262,0.074018327,2.073928205,0.969365326,0.086892754,-0.032599438,0.227415460,0.013823921,0.036190941
1.466666667,True,good,0.079404287,0.092287594,2.098223856,0.965087791,0.081481973,-0.005179054,0.248876319,0.013847226,0.036251954
1.533333333,True,good,0.105363724,0.097217394,2.089081106,0.957084934,0.086225280,0.010532565,0.276482722,0.013870550,0.036313014
1.600000000,True,good,0.067485855,0.094213708,2.076817491,0.958179728,0.061966740,0.009830916,0.279204379,0.013893889,0.036374115
1.666666667,True,good,0.091525744,0.117862019,2.087839351,0.961709511,0.085274208,-0.023635723,0.259392517,0.013917241,0.036435253
1.733333333,False,missing,,,,,,,,,
1.800000000,True,good,0.128628602,0.082565861,2.081336673,0.956120694,0.073320583,0.032212991,0.281814893,0.013963980,0.036557613
1.866666667,True,good,0.119618026,0.112713976,2.086128999,0.953627734,0.095277553,0.009036108,0.285367627,0.013987361,0.036618826
1.933333333,True,flip,0.145500904,0.091362902,2.104195812,-0.300162198,0.045124329,-0.080027600,0.949453544,0.014010748,0.036680052
2.000000000,True,good,0.159854685,0.102252746,2.071032571,0.951196645,0.071984550,0.051732341,0.295578977,0.014034138,0.036741287
2.066666667,True,good,0.118357748,0.097638422,2.088474303,0.941601821,0.085593446,0.017534618,0.325195804,0.014057529,0.036802524
2.133333333,True,good,0.107512400,0.080304901,2.092287466,0.941867493,0.043118041,0.015646735,0.332838761,0.014080919,0.036863759
2.200000000,True,good,0.120885271,0.130962821,2.111924643,0.941878875,0.068827968,0.104569139,0.311756621,0.014104305,0.036924985
2.266666667,True,good,0.130840731,0.122109219,2.099344799,0.942842110,0.100096742,0.088886024,0.305169909,0.014127686,0.036986196
2.333333333,True,good,0.168169233,0.097986848,2.109199419,0.942068782,0.076737563,0.062200284,0.320544662,0.014151059,0.037047387
2.400000000,True,good,0.135900514,0.088771789,2.107123364,0.934887216,0.135054148,0.116733995,0.306788925,0.014174423,0.037108552
2.466666667,True,good,0.141761351,0.110233129,2.111518178,0.932856972,0.065816925,0.103226060,0.338807294,0.014197774,0.037169684
2.533333333,True,good,0.138049107,0.068868368,2.126960983,0.941505229,0.084106494,0.070541729,0.318618685,0.014221110,0.037230779
2.600000000,True,flip,0.128633520,0.120610334,2.139285831,-0.330833092,0.104015695,-0.078636551,0.934637092,0.014244430,0.037291830
2.666666667,True,good,0.164405479,0.129529219,2.140848285,0.932657673,0.134710593,0.043166512,0.331872525,0.014267731,0.037352832
2.733333333,True,good,0.146941178,0.114009663,2.140860833,0.921531556,0.103779776,0.099987301,0.360571614,0.014291010,0.037413778
2.800000000,True,good,0.161886800,0.102553891,2.134026946,0.923840099,0.085180416,0.123373660,0.352196974,0.014314266,0.037474662
2.866666667,True,good,0.167056468,0.128633376,2.139746120,0.923331018,0.116517406,0.120487467,0.345494278,0.014337497,0.037535478
2.933333333,True,good,0.144395052,0.124989185,2.141270397,0.919453828,0.117904328,0.126346616,0.353185165,0.014360699,0.037596221
3.000000000,True,good,0.144889178,0.101612486,2.151149893,0.916693802,0.133543918,0.151615408,0.344748115,0.014383870,0.037656884
3.066666667,True,good,0.172392561,0.141730648,2.159904215,0.916181448,0.071701470,0.168147507,0.356646701,0.014407009,0.037717462
3.133333333,True,good,0.175216438,0.112877981,2.157272797,0.918476081,0.119048876,0.174480574,0.334343511,0.014430113,0.037777948
3.200000000,True,good,0.173677971,0.107143559,2.143277969,0.918582263,0.121704445,0.146033540,0.346509538,0.014453180,0.037838336
3.266666667,True,good,0.176639100,0.130392136,2.180238336,0.906769026,0.107877250,0.140483144,0.382618502,0.014476207,0.037898621
3.333333333,True,good,0.202365109,0.104763048,2.142151045,0.913722615,0.103849354,0.164425913,0.356777822,0.014499192,0.037958797
3.400000000,True,good,0.179627952,0.106718755,2.172079939,0.905146735,0.140982046,0.170232128,0.363117714,0.014522133,0.038018856
3.466666667,True,good,0.193026661,0.145257524,2.153948661,0.901564889,0.129004315,0.189313457,0.367013695,0.014545028,0.038078794
3.533333333,True,good,0.225657140,0.103270621,2.186413206,0.899782716,0.100887153,0.196584759,0.376254274,0.014567874,0.038138605
3.600000000,True,good,0.213875848,0.118871427,2.132843921,0.900271361,0.116471608,0.188516284,0.374709823,0.014590669,0.038198282
3.666666667,True,good,0.198645502,0.102526603,2.199480209,0.875128862,0.163556962,0.192634388,0.412662800,0.014613411,0.038257820
3.733333333,True,good,0.201477426,0.140793729,2.168639928,0.880639337,0.181313287,0.197501738,0.390631429,0.014636097,0.038317212
3.800000000,True,good,0.222515670,0.103746968,2.205360507,0.883978996,0.146621300,0.194977676,0.398832089,0.014658725,0.038376453
3.866666667,True,good,0.238912624,0.142302777,2.207395177,0.881147624,0.135906172,0.208481921,0.402049332,0.014681294,0.038435537
3.933333333,True,good,0.218666313,0.139544630,2.190140627,0.892357381,0.143070905,0.203554016,0.376556481,0.014703800,0.038494458
4.000000000,True,good,0.226795560,0.108710910,2.166167239,0.867763427,0.127505340,0.231443032,0.420907527,0.014726242,0.038553210
4.066666667,True,good,0.216045284,0.124100215,2.192687145,0.886792156,0.115744642,0.195173664,0.402628973,0.014748617,0.038611788
4.133333333,True,good,0.241395720,0.123342272,2.197099645,0.875047634,0.088337282,0.209306587,0.427409542,0.014770923,0.038670185
4.200000000,True,good,0.224785773,0.119376915,2.186479670,0.861887501,0.155617501,0.223629906,0.427694745,0.014793158,0.038728396
4.266666667,True,good,0.228144817,0.133683755,2.196900709,0.872133258,0.194749238,0.222226424,0.389963755,0.014815320,0.038786416
4.333333333,True,good,0.234012650,0.150280210,2.216680488,0.861077287,0.148362901,0.219912402,0.433788994,0.014837406,0.038844238
4.400000000,True,good,0.237777646,0.142438215,2.202442354,0.863954083,0.159632384,0.256611728,0.402804252,0.014859415,0.038901857
4.466666667,True,good,0.219347180,0.161012105,2.243947987,0.859354128,0.145817361,0.242415370,0.426007708,0.014881344,0.038959267
4.533333333,True,good,0.232697810,0.143963872,2.211361795,0.845403417,0.202343321,0.284579620,0.404183972,0.014903191,0.039016464
4.600000000,True,good,0.244192074,0.128602503,2.249047707,0.860099317,0.185017735,0.278290797,0.385424228,0.014924955,0.039073441
4.666666667,True,good,0.215434866,0.129959351,2.229162985,0.833106031,0.204866148,0.286779744,0.426288142,0.014946632,0.039130192
4.733333333,True,good,0.245300836,0.147614912,2.229665051,0.839514246,0.204496772,0.276325555,0.420762509,0.014968222,0.039186714
4.800000000,True,good,0.248388746,0.130473250,2.202347839,0.844647959,0.202572923,0.289146309,0.402403340,0.014989722,0.039243000
4.866666667,True,good,0.270665062,0.133341165,2.240932455,0.818285748,0.216132802,0.304763381,0.436822994,0.015011129,0.039299044
4.933333333,True,good,0.249386190,0.152529448,2.221696237,0.829475463,0.170965668,0.308175562,0.433323227,0.015032443,0.039354843
5.000000000,True,good,0.242061835,0.156965184,2.220908299,0.828460031,0.193156040,0.302627416,0.429838771,0.015053660,0.039410391
5.066666667,True,good,0.260992729,0.121906210,2.252374662,0.834238469,0.182757909,0.279962904,0.438482035,0.015074780,0.039465682
5.133333333,True,good,0.256393592,0.122315677,2.222613006,0.837429477,0.173329222,0.298556283,0.423713344,0.015095800,0.039520711
5.200000000,True,good,0.293149601,0.142656737,2.259972898,0.824018565,0.198322655,0.330865457,0.414957321,0.015116718,0.039575474
5.266666667,True,good,0.260451876,0.136049735,2.241247537,0.840864074,0.200764426,0.310249753,0.395457133,0.015137532,0.039629966
5.333333333,True,good,0.286281129,0.166931086,2.255669862,0.807582991,0.219307090,0.344520730,0.425463957,0.015158241,0.039684182
5.400000000,True,good,0.237839171,0.135058129,2.266298509,0.802572060,0.205723391,0.305767449,0.469107921,0.015178843,0.039738117
5.466666667,True,good,0.280230933,0.166717557,2.262222821,0.803843477,0.241297437,0.339426889,0.424735917,0.015199335,0.039791766
5.533333333,True,good,0.259540588,0.131580867,2.227827328,0.809404618,0.240488297,0.312375127,0.435260064,0.015219717,0.039845125
5.600000000,True,outlier,0.067229615,0.320146050,2.086081148,0.246084434,0.767229967,-0.540901919,-0.241300109,0.015239986,0.039898190
5.666666667,True,good,0.269534895,0.159422808,2.252997637,0.791921897,0.243451308,0.338685816,0.445963101,0.015260141,0.039950955
5.733333333,True,good,0.257006160,0.163506118,2.275698049,0.786757191,0.244188511,0.340985622,0.452895019,0.015280180,0.040003417
5.800000000,True,good,0.295000040,0.144850273,2.287021657,0.776557058,0.223792839,0.360408172,0.465813108,0.015300101,0.040055570
5.866666667,True,good,0.264403692,0.114352708,2.260328195,0.768315242,0.258422026,0.386088168,0.440279083,0.015319903,0.040107412
5.933333333,True,good,0.275554146,0.123394151,2.298976769,0.796750532,0.278799439,0.318994609,0.430931435,0.015339584,0.040158937
6.000000000,True,good,0.281948638,0.133937930,2.280543277,0.779750593,0.259204284,0.356642370,0.444531633,0.015359143,0.040210141
6.066666667,True,good,0.275662009,0.112831680,2.293385410,0.755492612,0.273044719,0.370692525,0.466116452,0.015378577,0.040261021
6.133333333,True,good,0.289708616,0.140310230,2.306095954,0.773198449,0.276560910,0.332057704,0.464129189,0.015397887,0.040311573
6.200000000,True,good,0.282168346,0.134204367,2.284650102,0.776674293,0.276321097,0.348317888,0.446204374,0.015417069,0.040361792
6.266666667,True,good,0.266700809,0.128758868,2.266675280,0.768443295,0.269568137,0.397865698,0.422529062,0.015436123,0.040411676
6.333333333,True,good,0.275553810,0.123068892,2.307576519,0.752158569,0.267410478,0.372095270,0.473597121,0.015455047,0.040461219
6.400000000,True,good,0.314307610,0.165376953,2.307465252,0.731417332,0.318124557,0.394638623,0.456164235,0.015473841,0.040510420
6.466666667,True,good,0.291126082,0.139055305,2.334061401,0.755104009,0.275313794,0.375464748,0.461569576,0.015492501,0.040559273
6.533333333,True,good,0.301049518,0.151833253,2.267303330,0.756087886,0.294450882,0.390689604,0.434731434,0.015511028,0.040607777
6.600000000,True,good,0.299355255,0.130418296,2.344953918,0.775371507,0.277922038,0.350900492,0.445451694,0.015529420,0.040655927
6.666666667,True,good,0.285796754,0.145919260,2.299908942,0.743667732,0.294113477,0.364109159,0.477367875,0.015547676,0.040703720
6.733333333,True,good,0.296220148,0.159412749,2.294959308,0.761141260,0.288743507,0.374178682,0.444163803,0.015565794,0.040751153
6.800000000,True,good,0.303194754,0.146932131,2.320826803,0.742438038,0.301520612,0.377459597,0.464107028,0.015583774,0.040798224
6.866666667,True,good,0.300825812,0.159274607,2.319447761,0.720425903,0.339959006,0.394802742,0.457761060,0.015601613,0.040844928
6.933333333,False,missing,,,,,,,,,
7.000000000,True,flip,0.313071957,0.150817431,2.340751815,-0.463198711,0.381432401,-0.290505895,0.745360720,0.015636869,0.040937228
7.066666667,True,good,0.294401507,0.147997596,2.324009552,0.715403049,0.312739445,0.388984710,0.488961565,0.015654283,0.040982817
7.133333333,False,missing,,,,,,,,,
7.200000000,True,good,0.304785370,0.147637452,2.329446576,0.730784673,0.300708860,0.397478079,0.466410892,0.015688678,0.041072864
7.266666667,True,good,0.298558748,0.134811698,2.344814551,0.678352165,0.346686600,0.406244485,0.504591082,0.015705658,0.041117315
7.333333333,True,good,0.296428140,0.155162406,2.340418934,0.705284647,0.325518405,0.418102516,0.470958195,0.015722490,0.041161383
7.400000000,True,good,0.326274032,0.135855128,2.308716918,0.707565752,0.327843086,0.400655808,0.480982891,0.015739175,0.041205064
7.466666667,True,good,0.314478732,0.148472431,2.332199958,0.711385837,0.334557510,0.399600393,0.471509267,0.015755712,0.041248356
7.533333333,True,good,0.292682070,0.146393986,2.338026121,0.704864154,0.352850507,0.409729840,0.459112734,0.015772099,0.041291258
7.600000000,True,good,0.303030503,0.160053848,2.351122919,0.691244049,0.356576360,0.403652649,0.481767063,0.015788336,0.041333768
7.666666667,True,outlier,0.536051748,0.148553092,2.136704523,0.533892281,0.232264788,-0.698862076,0.415456255,0.015804423,0.041375883
7.733333333,True,good,0.297098006,0.160248503,2.344518417,0.692963807,0.347346866,0.443977834,0.449483036,0.015820358,0.041417602
7.800000000,False,missing,,,,,,,,,
7.866666667,True,good,0.296570668,0.162504307,2.359023135,0.698704504,0.339508791,0.410289788,0.477711301,0.015851773,0.041499844
7.933333333,True,good,0.304515416,0.149437128,2.356433924,0.705070321,0.339686745,0.406716946,0.471243125,0.015867251,0.041540365
8.000000000,True,good,0.277900279,0.160558562,2.398176148,0.690398939,0.381211448,0.405350691,0.462296393,0.015882575,0.041580483
8.066666667,True,good,0.307793779,0.159333161,2.344590031,0.649617710,0.377754262,0.419499261,0.509233659,0.015897745,0.041620198
8.133333333,True,good,0.300397804,0.103392410,2.354840521,0.699123754,0.360614783,0.417326601,0.454996113,0.015912760,0.041659508
8.200000000,True,good,0.311346817,0.135369157,2.361075829,0.696715847,0.345699134,0.439743032,0.449116024,0.015927620,0.041698412
8.266666667,True,good,0.293212575,0.125655951,2.373045579,0.684192207,0.377905541,0.423485292,0.457961389,0.015942325,0.041736909
8.333333333,False,missing,,,,,,,,,
8.400000000,True,good,0.267545281,0.137679797,2.371335431,0.672772366,0.381786959,0.408018622,0.484909132,0.015971266,0.041812678
8.466666667,True,good,0.309448372,0.127484189,2.332065545,0.678489085,0.378532568,0.424154823,0.465250840,0.015985503,0.041849948
8.533333333,True,good,0.303677693,0.144680476,2.383097321,0.684113534,0.372659998,0.391794250,0.489500219,0.015999582,0.041886809
8.600000000,True,good,0.288007252,0.172091236,2.368282836,0.651367853,0.384765479,0.425640956,0.496492923,0.016013505,0.041923258
8.666666667,True,good,0.274150193,0.143522470,2.365758423,0.664656233,0.408462228,0.408539359,0.473799844,0.016027270,0.041959296
8.733333333,True,good,0.294815015,0.139223014,2.366329924,0.651761215,0.386962325,0.418034717,0.500713943,0.016040879,0.041994922
8.800000000,True,good,0.275711323,0.157785215,2.368109846,0.639699800,0.411308769,0.401859348,0.510017968,0.016054329,0.042030136
8.866666667,True,good,0.312445796,0.125559900,2.393302991,0.664867584,0.416124470,0.395279304,0.478064633,0.016067622,0.042064937
8.933333333,True,good,0.299147626,0.152173569,2.369613434,0.639793958,0.415942461,0.448934776,0.464879692,0.016080758,0.042099326
9.000000000,True,good,0.284180663,0.119654557,2.408543886,0.632490737,0.400062430,0.433051395,0.502366408,0.016093736,0.042133302
9.066666667,True,good,0.288451348,0.133797671,2.397418359,0.660553840,0.438874212,0.412438606,0.448277198,0.016106556,0.042166865
9.133333333,True,good,0.272619891,0.161805169,2.386314795,0.661575949,0.367881508,0.429840457,0.492156114,0.016119219,0.042200016
9.200000000,True,good,0.290536161,0.142865082,2.396494704,0.648605266,0.428141718,0.405485771,0.481235045,0.016131724,0.042232754
9.266666667,True,good,0.265431720,0.113679431,2.422111935,0.665815051,0.402379683,0.401831953,0.483023799,0.016144071,0.042265080
9.333333333,True,good,0.270029225,0.154499841,2.407954699,0.628357688,0.459653817,0.401735248,0.482176083,0.016156262,0.042296994
9.400000000,True,good,0.295248723,0.155550822,2.449849877,0.621834351,0.480070645,0.405969972,0.466950317,0.016168295,0.042328496
9.466666667,True,good,0.287010911,0.155979636,2.420902643,0.625849969,0.448539879,0.395023383,0.501079156,0.016180170,0.042359587
9.533333333,True,good,0.299270840,0.174320288,2.427543074,0.651374211,0.432735073,0.417523511,0.462737628,0.016191890,0.042390268
9.600000000,True,good,0.265300668,0.158191561,2.407966087,0.631994753,0.465799636,0.382609407,0.487055821,0.016203452,0.042420538
9.666666667,True,good,0.291419769,0.150095857,2.403739147,0.628484667,0.443528220,0.400893037,0.497568603,0.016214858,0.042450399
9.733333333,True,good,0.275585653,0.160399149,2.402065210,0.641566231,0.466333824,0.388350413,0.469158281,0.016226108,0.042479851
9.800000000,True,good,0.268363665,0.144420067,2.386985648,0.629780088,0.449479983,0.418149382,0.475915832,0.016237202,0.042508895
9.866666667,True,good,0.291417993,0.156809446,2.412215999,0.647436653,0.471428572,0.390543649,0.453934511,0.016248141,0.042537532
9.933333333,True,outlier,0.358079952,0.429924980,2.196959107,0.346820226,0.332379970,0.370126550,0.795138745,0.016258924,0.042565764
10.000000000,True,good,0.263652935,0.175336055,2.402720013,0.654270154,0.461620988,0.368366467,0.472379906,0.016269553,0.042593590
10.066666667,True,flip,0.265599386,0.166904290,2.430073213,-0.470439176,0.375010358,-0.453883925,0.657300232,0.016280027,0.042621011
10.133333333,True,good,0.283446896,0.144933537,2.427102775,0.611859040,0.502489812,0.372506381,0.484119304,0.016290348,0.042648030
10.200000000,True,good,0.241850003,0.132968856,2.435555289,0.628035634,0.475550039,0.386882012,0.479317965,0.016300515,0.042674648
10.266666667,True,good,0.270702766,0.166791607,2.421849853,0.672033961,0.461306552,0.347715003,0.463315116,0.016310529,0.042700864
10.333333333,True,good,0.246926840,0.134516862,2.421613500,0.652383749,0.474444302,0.374959626,0.456840592,0.016320390,0.042726681
10.400000000,True,good,0.273649290,0.153098558,2.423731143,0.661184282,0.460388112,0.338163067,0.486337199,0.016330100,0.042752101
10.466666667,True,good,0.250326735,0.134229782,2.451172281,0.637664229,0.457235772,0.396986624,0.476152707,0.016339658,0.042777123
10.533333333,True,good,0.208981877,0.141922028,2.459752413,0.639580151,0.491400190,0.367788906,0.462811415,0.016349065,0.042801751
10.600000000,True,good,0.226548859,0.126368719,2.454485391,0.646408693,0.482892299,0.356350832,0.471152750,0.016358321,0.042825985
10.666666667,True,good,0.241076174,0.169859363,2.436344265,0.649028438,0.491234951,0.366278629,0.450877229,0.016367428,0.042849827
10.733333333,True,good,0.238820432,0.156873050,2.420367530,0.673166454,0.443869662,0.366886776,0.463918896,0.016376386,0.042873278
10.800000000,False,missing,,,,,,,,,
10.866666667,True,good,0.228851798,0.152235618,2.447334620,0.635019841,0.481036400,0.328623979,0.507306676,0.016393856,0.042919015
10.933333333,True,good,0.277303064,0.150902737,2.457423246,0.641960034,0.504082568,0.318265506,0.482177506,0.016402370,0.042941305
11.000000000,False,missing,,,,,,,,,
11.066666667,True,good,0.211477598,0.142524120,2.435748550,0.635901119,0.491448074,0.335395162,0.491547192,0.016418959,0.042984734
11.133333333,True,good,0.256894679,0.127235682,2.435145681,0.628411001,0.534310220,0.346739671,0.446524135,0.016427035,0.043005878
11.200000000,True,good,0.234396902,0.142984615,2.423177254,0.662314162,0.488704873,0.314163385,0.473084416,0.016434967,0.043026643
11.266666667,True,good,0.268846543,0.146149645,2.456568481,0.639802627,0.509759694,0.308740013,0.485259988,0.016442755,0.043047031
11.333333333,True,flip,0.212222844,0.139443829,2.454873106,-0.484814472,0.339210983,-0.506310996,0.627327675,0.016450399,0.043067045
11.400000000,True,good,0.232854355,0.143640560,2.422449614,0.667162082,0.495534687,0.337526614,0.442058723,0.016457902,0.043086686
11.466666667,True,good,0.204642390,0.158260051,2.463516319,0.650415806,0.508070140,0.298684995,0.479177719,0.016465262,0.043105956
11.533333333,True,good,0.208975011,0.123830084,2.477169328,0.628506397,0.510253195,0.322831450,0.490307292,0.016472482,0.043124858
11.600000000,True,good,0.211877239,0.139161072,2.458118393,0.655514465,0.478023555,0.278082205,0.514261174,0.016479562,0.043143392
11.666666667,True,good,0.224113332,0.100276836,2.487584978,0.666365044,0.483827942,0.272191877,0.497774781,0.016486502,0.043161562
11.733333333,True,good,0.190629852,0.133100937,2.456597535,0.644702356,0.509432565,0.304784772,0.481605208,0.016493304,0.043179370
11.800000000,True,good,0.204907753,0.161088457,2.457113303,0.681510646,0.498562150,0.320118518,0.429538307,0.016499968,0.043196816
11.866666667,True,good,0.205003864,0.131275799,2.442361472,0.656750066,0.497370822,0.309305358,0.475007170,0.016506496,0.043213904
11.933333333,True,good,0.238878373,0.110633040,2.478753896,0.640637446,0.503493242,0.294193793,0.499528007,0.016512887,0.043230636
12.000000000,True,good,0.226255378,0.156491733,2.447767510,0.673253976,0.528723305,0.279787353,0.434626032,0.016519142,0.043247013
12.066666667,True,flip,0.204151923,0.139961976,2.491219568,-0.471554321,0.277200634,-0.524017463,0.652841503,0.016525263,0.043263038
12.133333333,True,good,0.176727447,0.116287785,2.466875925,0.659426739,0.504979955,0.317738706,0.457377017,0.016531250,0.043278712
12.200000000,False,missing,,,,,,,,,
12.266666667,True,good,0.200192824,0.135878909,2.454684887,0.673202257,0.512732005,0.278014979,0.454546239,0.016542827,0.043309019
12.333333333,True,good,0.176962477,0.134132867,2.467536146,0.679095619,0.507763570,0.218134815,0.483138178,0.016548417,0.043323655
12.400000000,True,good,0.199298082,0.130757258,2.477591424,0.661505055,0.531224267,0.267989179,0.456501522,0.016553878,0.043337950
12.466666667,True,good,0.180079840,0.133247623,2.482296265,0.692857048,0.509680879,0.288394287,0.420717539,0.016559208,0.043351905
12.533333333,True,good,0.196389266,0.132781013,2.485460061,0.709090623,0.500902987,0.253977959,0.426358867,0.016564409,0.043365522
12.600000000,True,good,0.131799474,0.144099234,2.503828444,0.700000591,0.493329996,0.246632050,0.453648895,0.016569483,0.043378804
12.666666667,True,flip,0.176837480,0.128021333,2.478771051,-0.443230635,0.231682385,-0.524059932,0.689370049,0.016574429,0.043391753
12.733333333,False,missing,,,,,,,,,
12.800000000,True,good,0.159782980,0.106081788,2.470009577,0.694967057,0.521616004,0.218067209,0.444279447,0.016583942,0.043416658
12.866666667,True,good,0.174960547,0.134923227,2.450924611,0.696219804,0.512522846,0.206608519,0.458160710,0.016588510,0.043428618
12.933333333,True,good,0.143901421,0.143186998,2.458317134,0.704229752,0.532668088,0.226141021,0.411321531,0.016592955,0.043440254
13.000000000,True,good,0.144884547,0.102058432,2.476985961,0.714551033,0.525403968,0.162559900,0.432367633,0.016597276,0.043451566
13.066666667,True,good,0.159902124,0.114966834,2.481004641,0.694410722,0.514235079,0.206879112,0.458864975,0.016601474,0.043462557
13.133333333,True,good,0.144068177,0.112879683,2.469574842,0.714126017,0.523322232,0.186132297,0.426043005,0.016605550,0.043473229
13.200000000,True,good,0.146372544,0.122806488,2.520618238,0.699036429,0.516770404,0.177140816,0.461429899,0.016609506,0.043483584
13.266666667,True,good,0.133585655,0.148551659,2.460113935,0.711259499,0.510644499,0.192996479,0.442836854,0.016613341,0.043493624
13.333333333,True,good,0.145938777,0.127694365,2.490649033,0.715886936,0.523367703,0.198847624,0.417195115,0.016617056,0.043503350
13.400000000,True,good,0.141733577,0.121360252,2.497919308,0.723670974,0.542814143,0.167672889,0.391840438,0.016620652,0.043512765
13.466666667,True,good,0.112490222,0.112748329,2.484410543,0.717231513,0.555941296,0.134673414,0.397958923,0.016624130,0.043521870
13.533333333,True,good,0.133208815,0.111487704,2.517449843,0.736992850,0.489847793,0.140324708,0.444071677,0.016627490,0.043530667
13.600000000,True,good,0.126176547,0.130475783,2.469756321,0.742163464,0.502496698,0.130356323,0.423907644,0.016630733,0.043539158
13.666666667,True,flip,0.109467542,0.126654420,2.496013743,-0.382874537,0.138454003,-0.571216842,0.712705337,0.016633861,0.043547346
13.733333333,True,good,0.101781082,0.140892492,2.516871248,0.737186456,0.528165446,0.159474698,0.390083596,0.016636872,0.043555230
13.800000000,True,good,0.105685692,0.115832963,2.485787217,0.740471111,0.534411649,0.144628191,0.381037282,0.016639769,0.043562814
13.866666667,True,good,0.102731392,0.132351870,2.499964892,0.717560654,0.543763216,0.069423844,0.429661032,0.016642552,0.043570099
13.933333333,True,good,0.089817868,0.101264023,2.535419302,0.757347108,0.499201259,0.108891699,0.406652257,0.016645221,0.043577086
14.000000000,True,good,0.050346797,0.154655609,2.547877913,0.827159159,0.500756524,0.041370504,0.251672626,0.049943330,0.130751331
14.066666667,True,good,0.113474290,0.099502229,2.488020335,0.698692792,0.547940739,0.144561148,0.436682269,0.049950660,0.130770522
14.133333333,False,missing,,,,,,,,,
14.200000000,True,good,0.051747334,0.078317568,2.555714425,0.735737377,0.602471443,0.171526232,0.257482861,0.049964315,0.130806271
14.266666667,True,good,0.121888544,0.087441116,2.606230115,0.776676411,0.491295652,0.163228922,0.358829561,0.049970644,0.130822839
14.333333333,True,good,0.094534747,0.141304289,2.467605779,0.789693866,0.490215124,-0.062937928,0.363471522,0.049976641,0.130838540
14.400000000,True,good,0.051193415,0.067980021,2.401002328,0.757414438,0.502155272,0.116388870,0.400770611,0.049982309,0.130853380
14.466666667,True,good,0.141919389,0.209907849,2.509604434,0.826610456,0.511046619,-0.012635862,0.235344092,0.049987650,0.130867361
14.533333333,False,missing,,,,,,,,,
14.600000000,True,good,0.052786907,0.024383472,2.418115558,0.732914695,0.540470123,-0.040132417,0.411238963,0.049997353,0.130892764
14.666666667,True,good,0.028701190,0.111739671,2.508450182,0.794778617,0.536255026,-0.059371615,0.277907373,0.050001718,0.130904192
14.733333333,True,good,-0.034007892,0.088666692,2.477005392,0.828929567,0.458286656,-0.025264906,0.319704237,0.050005761,0.130914775
14.800000000,True,good,0.000288333,0.106776170,2.533280286,0.721147771,0.518592545,-0.007756667,0.459290211,0.050009482,0.130924518
14.866666667,True,good,0.032077181,0.018805015,2.463765892,0.765796482,0.549578133,0.036887204,0.331902032,0.050012883,0.130933422
14.933333333,True,good,0.041599877,0.124109105,2.499707742,0.801176274,0.444285130,-0.047110780,0.398130476,0.050015965,0.130941491
15.000000000,True,good,0.057714162,0.102426822,2.436661206,0.852776530,0.466964492,0.118149597,0.201883695,0.050018729,0.130948726
15.066666667,True,good,-0.015859557,0.057326515,2.488775818,0.746884526,0.529927305,-0.053637194,0.398074878,0.050021175,0.130955131
15.133333333,True,good,0.010831872,0.105032119,2.535610405,0.766178352,0.537471106,-0.006727184,0.352207733,0.050023306,0.130960708
15.200000000,True,good,-0.018911604,0.122786087,2.406688386,0.780429143,0.516424236,0.004523964,0.352442754,0.050025120,0.130965458
15.266666667,True,good,0.071387906,0.092875921,2.522460799,0.788398752,0.430572586,-0.070375507,0.433684152,0.050026620,0.130969384
15.333333333,True,outlier,-0.174289713,0.018140974,2.792435031,-0.694509559,-0.650279242,0.025591951,-0.306819869,0.050027805,0.130972487
15.400000000,True,good,0.025071541,0.061295772,2.516579565,0.804795639,0.496294240,-0.048417798,0.321949878,0.050028677,0.130974770
15.466666667,True,flip,0.006487296,0.036955419,2.424245683,-0.234151220,-0.127321136,-0.395174214,0.879090368,0.050029236,0.130976233
15.533333333,True,good,-0.083606718,0.158957584,2.553132906,0.757202297,0.564089813,-0.060889377,0.323635364,0.050029482,0.130976878
15.600000000,True,good,-0.054209643,0.060674895,2.571183526,0.727550093,0.616676980,0.001839716,0.300627643,0.050029416,0.130976706
15.666666667,True,good,0.017895826,-0.008946568,2.543588884,0.800863663,0.528040843,-0.054202402,0.277222584,0.050029039,0.130975717
15.733333333,True,good,0.022833286,0.145592189,2.559691715,0.814296154,0.516557953,0.014939824,0.264322638,0.050028350,0.130973913
15.800000000,True,good,0.026855947,0.109077117,2.542019166,0.853661235,0.445177629,-0.028719678,0.268802074,0.050027349,0.130971294
15.866666667,True,good,-0.043381452,0.179765033,2.556670538,0.794751432,0.561990889,-0.025608560,0.227773141,0.050026038,0.130967860
15.933333333,True,good,-0.027474589,0.117063423,2.507399445,0.812592110,0.417510179,-0.095527674,0.395289485,0.050024415,0.130963612
16.000000000,True,good,-0.009679014,0.093930534,2.494579088,0.882244089,0.384286765,-0.013962105,0.271613899,0.050022481,0.130958550
16.066666667,True,good,-0.012506367,0.038958958,2.466787689,0.812726584,0.469186330,-0.151943599,0.310246403,0.050020236,0.130952673
16.133333333,True,good,0.051062373,0.087739356,2.455117343,0.858836213,0.436229540,-0.103608299,0.247728617,0.050017680,0.130945981
16.200000000,True,good,0.052497841,-0.024726868,2.497343821,0.877482943,0.400215424,-0.069541671,0.254980890,0.050014813,0.130938474
16.266666667,True,good,-0.054007705,-0.021342217,2.521950924,0.905402935,0.313199003,-0.092438506,0.271306160,0.050011634,0.130930151
16.333333333,True,good,-0.077086262,0.106898033,2.469810855,0.894609618,0.391192220,-0.120364516,0.179317210,0.050008143,0.130921011
16.400000000,True,good,0.006747836,0.073265849,2.490516535,0.829637734,0.454035300,-0.188459820,0.264643293,0.050004339,0.130911054
16.466666667,True,flip,-0.031845265,-0.028883592,2.596386058,-0.232051085,-0.211799097,-0.516717531,0.796427291,0.050000223,0.130900277
16.533333333,True,good,-0.094049307,0.125481172,2.402269284,0.826002416,0.465497110,-0.244665345,0.202907167,0.049995793,0.130888680
16.600000000,True,good,0.018735107,0.147902580,2.469807920,0.815959275,0.485650905,-0.163014303,0.267917893,0.049991049,0.130876262
16.666666667,True,good,0.032412879,0.054185189,2.493027593,0.805181931,0.567854257,-0.053995349,0.162197730,0.049985991,0.130863019
16.733333333,True,good,-0.144189807,0.020318335,2.513671542,0.858133759,0.415211838,-0.250873754,0.168130728,0.049980618,0.130848952
16.800000000,True,good,-0.130291589,-0.042311701,2.458230937,0.811926225,0.470266469,-0.128819098,0.320984256,0.049974929,0.130834057
16.866666667,True,good,-0.005555831,0.021692854,2.514839734,0.905355473,0.336581117,-0.157112199,0.205816364,0.049968922,0.130818333
16.933333333,True,flip,-0.128308624,0.020594465,2.573034307,-0.159429955,-0.217941908,-0.404974987,0.873543745,0.049962598,0.130801777
17.000000000,True,good,-0.061326347,-0.028967032,2.558297117,0.860047937,0.445753331,-0.187364250,0.162837806,0.049955956,0.130784386
17.066666667,True,good,-0.069890832,0.014985115,2.478041868,0.835329764,0.473304873,-0.178574966,0.215215390,0.049948993,0.130766159
17.133333333,True,good,-0.138191524,-0.035257396,2.519924631,0.777938791,0.551887635,-0.217825285,0.206841536,0.049941710,0.130747092
17.200000000,True,good,-0.084941998,0.121588424,2.531927119,0.839828678,0.442092835,-0.301090662,0.092661374,0.049934106,0.130727183
17.266666667,True,good,-0.117089915,0.015166092,2.414041273,0.906838970,0.361278817,-0.198015047,0.088942339,0.049926178,0.130706427
17.333333333,False,missing,,,,,,,,,
17.400000000,True,good,0.006480159,0.057990074,2.475713087,0.809873827,0.416733421,-0.346695008,0.224143285,0.049909348,0.130662367
17.466666667,True,good,-0.091918149,0.020859764,2.512061925,0.867278517,0.324576376,-0.274349578,0.259249799,0.049900443,0.130639055
17.533333333,True,good,-0.059720355,0.150473125,2.528160348,0.830507938,0.434384007,-0.293264518,0.188581604,0.049891210,0.130614884
17.600000000,True,good,-0.062083481,0.059312666,2.566565884,0.783391357,0.403670551,-0.415182963,0.225767968,0.049881648,0.130589849
17.666666667,True,good,-0.120901497,0.048744816,2.497302871,0.867413601,0.384689095,-0.252952555,0.188740431,0.049871754,0.130563948
17.733333333,True,good,-0.102335557,0.115719044,2.444803514,0.846228338,0.400826499,-0.254378051,0.241924628,0.049861528,0.130537175
17.800000000,True,good,-0.139087649,0.110092659,2.473087566,0.832890262,0.456883163,-0.258173583,0.175778234,0.049850968,0.130509528
17.866666667,True,good,-0.127013279,-0.026910721,2.451491568,0.846280869,0.424619355,-0.318960679,0.042085395,0.049840071,0.130481001
17.933333333,True,good,-0.171844673,-0.023753315,2.548829344,0.833394369,0.460205829,-0.244215607,0.184453672,0.049828837,0.130451591
18.000000000,True,good,-0.166340678,0.077349285,2.521407045,0.850576563,0.425878649,-0.167494354,0.259022254,0.049817264,0.130421292
18.066666667,True,good,-0.213131601,0.043548923,2.410824924,0.777250054,0.465700478,-0.335763969,0.257425671,0.049805350,0.130390101
18.133333333,True,good,-0.222527058,-0.013901314,2.537087040,0.834699331,0.406595399,-0.362336415,0.081667196,0.049793093,0.130358013
18.200000000,True,good,-0.166958635,0.056155717,2.515057349,0.883763626,0.334715372,-0.319426791,0.069957111,0.049780492,0.130325022
18.266666667,True,good,-0.216453221,0.055700107,2.451770566,0.861146667,0.348914642,-0.364609180,0.061197525,0.049767544,0.130291125
18.333333333,True,good,-0.096990583,-0.073444887,2.441140377,0.873161558,0.318832969,-0.342768278,0.135809939,0.049754248,0.130256316
18.400000000,True,good,-0.106689664,-0.000857541,2.495548702,0.884777688,0.367532645,-0.268867164,0.098988111,0.049740601,0.130220589
18.466666667,True,good,-0.046794939,0.031803495,2.432594334,0.867715006,0.330933264,-0.358017059,0.096838161,0.049726603,0.130183941
18.533333333,True,good,-0.150685231,-0.014043296,2.457161167,0.880213851,0.381258415,-0.279081386,0.044487955,0.049712250,0.130146366
18.600000000,True,good,-0.175799531,0.079138423,2.442038424,0.883080583,0.373340039,-0.225192416,0.173419362,0.049697541,0.130107859
18.666666667,True,good,-0.216738280,0.118876428,2.470319810,0.773724181,0.474185770,-0.374465342,0.190458537,0.049682474,0.130068413
18.733333333,False,missing,,,,,,,,,
18.800000000,True,good,-0.151998711,0.069295368,2.398686675,0.902760066,0.356273153,-0.209562815,0.119067757,0.049651258,0.129986689
18.866666667,True,good,-0.208017204,-0.045987152,2.418592716,0.808284101,0.506810475,-0.294922461,0.053298185,0.049635104,0.129944399
18.933333333,True,good,-0.227373513,-0.004136368,2.418811375,0.913930196,0.311238925,-0.245798029,0.086285904,0.049618584,0.129901149
19.000000000,True,good,-0.148218496,0.028661856,2.487650681,0.842984750,0.408315709,-0.347555209,0.043132009,0.049601695,0.129856935
19.066666667,True,good,-0.079426029,-0.037125846,2.472278681,0.842660874,0.334348503,-0.337727282,0.253128450,0.049584436,0.129811750
19.133333333,True,good,-0.137269750,0.033605409,2.570402531,0.817191323,0.432887365,-0.376567272,0.054808400,0.049566804,0.129765589
19.200000000,True,good,-0.249093672,-0.073580295,2.390357527,0.832439968,0.458615341,-0.309557866,-0.029826110,0.049548797,0.129718447
19.266666667,True,good,-0.208981196,-0.022386840,2.441035530,0.856060758,0.377584676,-0.347387626,0.062543016,0.049530413,0.129670317
19.333333333,True,good,-0.156775090,0.009797181,2.504731211,0.847547743,0.364861125,-0.383944478,-0.033553263,0.049511649,0.129621195
19.400000000,True,good,-0.091855230,0.083437682,2.500837802,0.864285908,0.331099224,-0.373417730,0.062788307,0.049492505,0.129571074
19.466666667,True,good,-0.245438813,-0.018725726,2.483896201,0.743666372,0.509795880,-0.432511435,-0.001531842,0.049472976,0.129519949
19.533333333,True,good,-0.105948574,-0.025314484,2.516890115,0.860156986,0.398779569,-0.317825004,-0.009595939,0.049453062,0.129467814
19.600000000,True,good,-0.290043157,0.052355967,2.436440625,0.838478403,0.355219103,-0.406732579,-0.073088758,0.049432760,0.129414664
19.666666667,True,good,-0.240277915,0.109901535,2.439969028,0.854097515,0.385823029,-0.348124847,0.021612851,0.049412068,0.129360493
19.733333333,True,good,-0.200467829,-0.019663495,2.391613800,0.838160362,0.365024858,-0.377977332,-0.146209431,0.049390984,0.129305295
19.800000000,True,good,-0.192523172,-0.059917945,2.434769450,0.850656879,0.370706773,-0.372743677,0.004638212,0.049369506,0.129249065
19.866666667,True,good,-0.186680664,0.012527949,2.508320824,0.840663637,0.435918308,-0.308997606,0.088206336,0.049347631,0.129191797
19.933333333,True,good,-0.180445684,-0.027064283,2.410965753,0.838017743,0.391255443,-0.373390750,0.072282698,0.049325358,0.129133486
20.000000000,True,good,-0.211998546,-0.001648560,2.450242067,0.853937361,0.364609512,-0.369819112,0.032934962,0.016434228,0.043024709
20.066666667,True,good,-0.218955998,0.001437460,2.461999785,0.844083084,0.396068037,-0.361092177,-0.016318598,0.016426536,0.043004571
20.133333333,True,good,-0.228338870,-0.011928683,2.443178802,0.842148988,0.361327127,-0.400235353,0.006281001,0.016418709,0.042984079
20.200000000,True,good,-0.269067788,-0.015074696,2.480805381,0.860508106,0.349444886,-0.370397500,-0.014824414,0.016410746,0.042963233
20.266666667,True,good,-0.216109134,-0.007215713,2.463164742,0.837981011,0.370242037,-0.400767050,-0.009717533,0.016402648,0.042942031
20.333333333,True,good,-0.233275463,-0.008833492,2.452314292,0.838483194,0.373232924,-0.396161098,-0.026448107,0.016394412,0.042920470
20.400000000,True,good,-0.252700015,-0.025535930,2.472086054,0.823797632,0.385622331,-0.414738468,-0.025394561,0.016386039,0.042898549
20.466666667,True,good,-0.232645310,0.007433532,2.448053560,0.836014665,0.338870730,-0.429247563,-0.044638976,0.016377527,0.042876266
20.533333333,True,good,-0.263410529,0.006205738,2.439692123,0.823484538,0.397252330,-0.404867597,-0.012084354,0.016368877,0.042853619
20.600000000,True,good,-0.209957481,-0.033442916,2.424605291,0.818090394,0.412051402,-0.400838453,-0.016440345,0.016360087,0.042830608
20.666666667,True,good,-0.261765066,-0.017686143,2.453762209,0.833360827,0.381426941,-0.399891404,-0.010492120,0.016351158,0.042807230
20.733333333,True,good,-0.268346901,-0.015465010,2.425389422,0.840466401,0.366044280,-0.394441479,-0.063590363,0.016342087,0.042783484
20.800000000,True,good,-0.241250601,-0.019504671,2.415202444,0.808562333,0.387451148,-0.436761569,-0.073129297,0.016332876,0.042759369
20.866666667,True,good,-0.266521460,-0.013024669,2.457491627,0.829529062,0.386922592,-0.402514984,-0.012414922,0.016323523,0.042734882
20.933333333,True,good,-0.281285466,-0.012284259,2.426611864,0.832639359,0.356669005,-0.422442967,-0.032262340,0.016314027,0.042710023
21.000000000,True,good,-0.270390660,-0.024460290,2.463783890,0.826983215,0.366616779,-0.420006757,-0.072699543,0.016304389,0.042684790
21.066666667,True,good,-0.247217503,-0.016821314,2.448219206,0.828300868,0.356646729,-0.431158051,-0.028697004,0.016294607,0.042659182
21.133333333,True,good,-0.240897493,-0.029551040,2.429248293,0.808487804,0.376550202,-0.447696758,-0.064226395,0.016284682,0.042633198
21.200000000,True,good,-0.266808890,-0.020543792,2.427135413,0.811578957,0.389529673,-0.430957222,-0.062306524,0.016274612,0.042606835
21.266666667,True,good,-0.260369357,-0.053160983,2.411717637,0.814994057,0.394094644,-0.419058998,-0.069739911,0.016264398,0.042580094
21.333333333,True,good,-0.300933961,-0.004417542,2.427308399,0.832678514,0.370561141,-0.407953759,-0.053894927,0.016254038,0.042552972
21.400000000,True,good,-0.263634462,-0.007528115,2.411389959,0.805267242,0.386971494,-0.439354072,-0.093625480,0.016243533,0.042525470
21.466666667,True,good,-0.256449435,-0.041440448,2.428607406,0.816995950,0.383200649,-0.417445347,-0.106837556,0.016232882,0.042497584
21.533333333,True,good,-0.285247459,-0.012862353,2.421004652,0.791806177,0.417537646,-0.428829059,-0.121700165,0.016222084,0.042469316
21.600000000,True,good,-0.253219136,-0.015613429,2.420821946,0.803162939,0.380981900,-0.450591666,-0.082153727,0.016211139,0.042440664
21.666666667,True,good,-0.247635016,-0.042032674,2.409268150,0.795473716,0.407467107,-0.433197773,-0.116326319,0.016200048,0.042411626
21.733333333,True,good,-0.272662754,-0.050272107,2.397257033,0.786327161,0.405420704,-0.455707516,-0.098256342,0.016188809,0.042382202
21.800000000,True,good,-0.283831176,-0.051467972,2.401162432,0.796846901,0.433175066,-0.413866947,-0.078157081,0.016177422,0.042352392
21.866666667,True,good,-0.304970352,-0.062569122,2.390142889,0.792750385,0.397798046,-0.457469677,-0.063443172,0.016165888,0.042322195
21.933333333,True,good,-0.287832871,-0.034718823,2.422340636,0.796755667,0.408832512,-0.430767873,-0.111693436,0.016154205,0.042291609
22.000000000,True,good,-0.295921454,-0.057039942,2.419845729,0.796891099,0.404596924,-0.434617471,-0.111236499,0.016142373,0.042260635
22.066666667,True,good,-0.299340112,-0.051248221,2.437415937,0.787659660,0.412971935,-0.455206838,-0.042815593,0.016130393,0.042229271
22.133333333,True,good,-0.308553088,-0.030716968,2.399170848,0.783441456,0.400066531,-0.469170883,-0.077749195,0.016118265,0.042197519
22.200000000,True,good,-0.265434337,-0.045722993,2.407565923,0.787986517,0.440643654,-0.424994260,-0.065500369,0.016105987,0.042165376
22.266666667,True,good,-0.269570720,-0.028173664,2.398259015,0.776775896,0.411567047,-0.459387430,-0.127259427,0.016093560,0.042132843
22.333333333,True,good,-0.301300055,-0.042684434,2.390793965,0.795522495,0.412968376,-0.430935865,-0.104380843,0.016080985,0.042099919
22.400000000,True,good,-0.288939216,-0.073861215,2.395325777,0.797776608,0.417594978,-0.421395287,-0.107670469,0.016068259,0.042066605
22.466666667,True,good,-0.312121267,-0.050110921,2.395141837,0.775826167,0.442380512,-0.441633696,-0.085749170,0.016055385,0.042032900
22.533333333,True,good,-0.270362216,-0.064252547,2.389966829,0.767646601,0.403100536,-0.485434581,-0.112169164,0.016042362,0.041998804
22.600000000,True,good,-0.265721935,-0.047068821,2.384027017,0.793850491,0.390060954,-0.452194362,-0.114778523,0.016029189,0.041964318
22.666666667,True,good,-0.332292439,-0.024463309,2.390343177,0.785008042,0.441159298,-0.417313809,-0.122433793,0.016015867,0.041929441
22.733333333,True,good,-0.310232235,-0.041646817,2.385179583,0.767718910,0.455333509,-0.427703678,-0.142648641,0.016002396,0.041894174
22.800000000,True,good,-0.307218658,-0.060854901,2.363424042,0.781455737,0.432748935,-0.431095961,-0.127324634,0.015988776,0.041858517
22.866666667,True,good,-0.306610264,-0.057371212,2.374497947,0.775947149,0.424680136,-0.456033277,-0.097910445,0.015975007,0.041822470
22.933333333,True,good,-0.316652028,-0.073936749,2.372900236,0.775194705,0.433133896,-0.447043446,-0.107797750,0.015961089,0.041786034
23.000000000,True,good,-0.282503168,-0.058157981,2.373769799,0.776667833,0.473546130,-0.391438759,-0.138985032,0.015947023,0.041749209
23.066666667,True,good,-0.280045810,-0.068826098,2.389405665,0.757981176,0.455135743,-0.441845405,-0.151949433,0.015932809,0.041711997
23.133333333,True,good,-0.312823559,-0.050367538,2.362295451,0.783299595,0.456649889,-0.397223801,-0.141865695,0.015918447,0.041674396
23.200000000,True,good,-0.306075178,-0.053412928,2.368682546,0.767457178,0.446498783,-0.438739950,-0.138403658,0.015903937,0.041636410
23.266666667,True,good,-0.282429694,-0.046007717,2.353237446,0.764987789,0.473502991,-0.413625530,-0.139651427,0.015889280,0.041598037
23.333333333,False,missing,,,,,,,,,
23.400000000,True,good,-0.312251485,-0.076541721,2.352690400,0.759808417,0.498692389,-0.406665167,-0.092846718,0.015859525,0.041520138
23.466666667,True,flip,-0.293283081,-0.069208166,2.370866049,0.147402638,-0.441076948,-0.471930644,0.749002707,0.015844428,0.041480615
23.533333333,False,missing,,,,,,,,,
23.600000000,True,good,-0.328921429,-0.057418338,2.344639425,0.722144702,0.486356478,-0.452706343,-0.192409390,0.015813797,0.041400424
23.666666667,True,good,-0.314499119,-0.058903657,2.360241222,0.742288679,0.471415940,-0.455894622,-0.137603129,0.015798264,0.041359759
23.733333333,True,good,-0.292241578,-0.074874909,2.354779463,0.726004913,0.503745406,-0.448185452,-0.135230291,0.015782588,0.041318718
23.800000000,True,good,-0.330563807,-0.025749958,2.350621489,0.752002533,0.502888298,-0.399633213,-0.147948795,0.015766767,0.041277300
23.866666667,True,good,-0.299424492,-0.075549812,2.349518437,0.746497950,0.489991955,-0.428238366,-0.138782555,0.015750804,0.041235508
23.933333333,True,good,-0.291530094,-0.072548230,2.332094482,0.728791281,0.513184709,-0.425445248,-0.156528156,0.015734698,0.041193344
24.000000000,True,good,-0.297171010,-0.046738035,2.352063227,0.725053823,0.534610157,-0.410878147,-0.140242940,0.015718451,0.041150809
24.066666667,False,missing,,,,,,,,,
24.133333333,True,good,-0.279233177,-0.094222343,2.304957327,0.718569333,0.558091616,-0.395919032,-0.124257725,0.015685535,0.041064635
24.200000000,True,good,-0.325539768,-0.055207643,2.322644564,0.721416133,0.535520286,-0.418575665,-0.132556396,0.015668868,0.041021000
24.266666667,True,good,-0.317080462,-0.059504171,2.320157461,0.711607891,0.555275966,-0.403779730,-0.149146709,0.015652062,0.040977002
24.333333333,True,good,-0.292211961,-0.081079660,2.341048619,0.722469894,0.531866311,-0.409493258,-0.165743029,0.015635118,0.040932644
24.400000000,True,good,-0.292450334,-0.067125331,2.323514623,0.711839127,0.522606590,-0.443704116,-0.152623941,0.015618038,0.040887928
24.466666667,True,good,-0.311718808,-0.053378126,2.330953128,0.731706046,0.523392973,-0.417077686,-0.129275917,0.015600822,0.040842856
24.533333333,True,good,-0.253806777,-0.104626146,2.324715600,0.680842707,0.564349543,-0.447576876,-0.132807161,0.015583471,0.040797431
24.600000000,True,good,-0.290573297,-0.079029072,2.328445458,0.719902194,0.546621850,-0.392818068,-0.169231643,0.015565986,0.040751655
24.666666667,True,good,-0.305860472,-0.073342786,2.317182580,0.714025304,0.543892923,-0.393034851,-0.199679643,0.015548368,0.040705532
24.733333333,True,good,-0.305739573,-0.105258137,2.320265460,0.710049738,0.579795161,-0.379498089,-0.125092533,0.015530618,0.040659064
24.800000000,True,good,-0.258396936,-0.101889368,2.294616511,0.704981486,0.546257072,-0.423865100,-0.157932557,0.015512738,0.040612253
24.866666667,True,good,-0.306667039,-0.078727288,2.296931442,0.699689465,0.569397606,-0.411860839,-0.128808644,0.015494728,0.040565103
24.933333333,True,good,-0.267795660,-0.092121072,2.284348926,0.679376806,0.595489518,-0.394626877,-0.167657441,0.015476590,0.040517617
25.000000000,True,good,-0.315779174,-0.101831311,2.273087597,0.704684633,0.577624261,-0.374204589,-0.172454939,0.015458324,0.040469798
25.066666667,True,good,-0.275366303,-0.057152475,2.281296997,0.692960187,0.584773074,-0.390471547,-0.159306627,0.015439932,0.040421648
25.133333333,True,good,-0.293108602,-0.067317909,2.289679642,0.687074825,0.585134582,-0.406138788,-0.143516519,0.015421416,0.040373172
25.200000000,True,good,-0.317206460,-0.092661030,2.300303392,0.694068668,0.589431269,-0.389696364,-0.137754154,0.015402776,0.040324372
25.266666667,True,good,-0.311864477,-0.088478955,2.297294222,0.696841590,0.594896085,-0.378635723,-0.130940582,0.015384013,0.040275253
25.333333333,True,good,-0.269017280,-0.086276680,2.294946517,0.670805189,0.621153633,-0.373540481,-0.157022520,0.015365130,0.040225817
25.400000000,True,good,-0.310784085,-0.101070382,2.269154107,0.679285871,0.611565545,-0.382567488,-0.134908886,0.015346128,0.040176068
25.466666667,True,good,-0.282329661,-0.098874531,2.266834536,0.694019439,0.600813906,-0.370726751,-0.141142991,0.015327007,0.040126010
25.533333333,False,missing,,,,,,,,,
25.600000000,True,good,-0.259954414,-0.094402922,2.277019779,0.656870276,0.639147082,-0.379902438,-0.125246101,0.015288416,0.040024981
25.666666667,True,good,-0.261109661,-0.086522060,2.267578827,0.653120043,0.648391382,-0.366089315,-0.137845705,0.015268950,0.039974018
25.733333333,True,good,-0.247608291,-0.076912333,2.288516533,0.657793378,0.654225224,-0.347459412,-0.136268800,0.015249371,0.039922761
25.800000000,False,missing,,,,,,,,,
25.866666667,True,good,-0.259889201,-0.093357067,2.272286226,0.676408646,0.624925775,-0.363844013,-0.139845107,0.015209883,0.039819382
25.933333333,True,good,-0.258395969,-0.128594855,2.268263692,0.638336562,0.675246838,-0.346677802,-0.127994700,0.015189977,0.039767268
26.000000000,False,missing,,,,,,,,,
26.066666667,False,missing,,,,,,,,,
26.133333333,False,missing,,,,,,,,,
26.200000000,False,missing,,,,,,,,,
26.266666667,False,missing,,,,,,,,,
26.333333333,False,missing,,,,,,,,,
26.400000000,False,missing,,,,,,,,,
26.466666667,False,missing,,,,,,,,,
26.533333333,False,missing,,,,,,,,,
26.600000000,False,missing,,,,,,,,,
26.666666667,False,missing,,,,,,,,,
26.733333333,False,missing,,,,,,,,,
26.800000000,False,missing,,,,,,,,,
26.866666667,False,missing,,,,,,,,,
26.933333333,False,missing,,,,,,,,,
27.000000000,False,missing,,,,,,,,,
27.066666667,False,missing,,,,,,,,,
27.133333333,False,missing,,,,,,,,,
27.200000000,False,missing,,,,,,,,,
27.266666667,False,missing,,,,,,,,,
27.333333333,False,missing,,,,,,,,,
27.400000000,False,missing,,,,,,,,,
27.466666667,False,missing,,,,,,,,,
27.533333333,False,missing,,,,,,,,,
27.600000000,False,missing,,,,,,,,,
27.666666667,False,missing,,,,,,,,,
27.733333333,False,missing,,,,,,,,,
27.800000000,False,missing,,,,,,,,,
27.866666667,False,missing,,,,,,,,,
27.933333333,False,missing,,,,,,,,,
28.000000000,False,missing,,,,,,,,,
28.066666667,False,missing,,,,,,,,,
28.133333333,False,missing,,,,,,,,,
28.200000000,False,missing,,,,,,,,,
28.266666667,False,missing,,,,,,,,,
28.333333333,False,missing,,,,,,,,,
28.400000000,False,missing,,,,,,,,,
28.466666667,False,missing,,,,,,,,,
28.533333333,False,missing,,,,,,,,,
28.600000000,False,missing,,,,,,,,,
28.666666667,False,missing,,,,,,,,,
28.733333333,False,missing,,,,,,,,,
28.800000000,False,missing,,,,,,,,,
28.866666667,False,missing,,,,,,,,,
28.933333333,False,missing,,,,,,,,,
29.000000000,True,good,-0.119747706,-0.144775467,2.102762569,0.572614876,0.813972126,-0.097741215,-0.002869999,0.014190156,0.037149743
29.066666667,True,good,-0.141330001,-0.140012388,2.098816410,0.557602960,0.824222351,-0.097642131,-0.014229157,0.014167353,0.037090044
29.133333333,True,good,-0.112823514,-0.130206785,2.129512441,0.541880191,0.832579950,-0.109259868,0.035196115,0.014144538,0.037030314
29.200000000,True,good,-0.136515552,-0.134574643,2.085296027,0.521690489,0.841484183,-0.138280110,0.024940204,0.014121713,0.036970558
29.266666667,True,good,-0.124481517,-0.139832817,2.111897710,0.507553963,0.854439500,-0.101531130,0.044872550,0.014098880,0.036910782
29.333333333,True,good,-0.119629428,-0.178042931,2.119204501,0.572253844,0.815217270,-0.087426386,0.017405957,0.014076041,0.036850990
29.400000000,True,good,-0.122326100,-0.114927763,2.106350013,0.532556519,0.839626337,-0.104095636,0.023984732,0.014053199,0.036791189
29.466666667,True,good,-0.114628391,-0.128948884,2.097986756,0.517687949,0.845215802,-0.130750918,0.022663458,0.014030355,0.036731383
29.533333333,True,good,-0.102851095,-0.141104643,2.095552021,0.550088670,0.829084138,-0.095250081,0.030811840,0.014007511,0.036671578
29.600000000,True,good,-0.099712256,-0.154182361,2.087295891,0.517108009,0.850904697,-0.088278842,0.027701082,0.013984670,0.036611779
29.666666667,True,good,-0.118914731,-0.162266686,2.058057193,0.495291115,0.860521706,-0.095022851,0.071831487,0.013961832,0.036551991
29.733333333,True,good,-0.105266109,-0.158658608,2.095539036,0.532801757,0.840952553,-0.077143490,0.054497455,0.013939001,0.036492219
29.800000000,True,good,-0.127415486,-0.158026663,2.088314679,0.495051724,0.861950046,-0.087158129,0.066101207,0.013916178,0.036432468
29.866666667,False,missing,,,,,,,,,
29.933333333,True,good,-0.103408969,-0.156393079,2.069700242,0.517029531,0.850427478,-0.082843945,0.050896471,0.013870563,0.036313050
30.000000000,True,good,-0.096063536,-0.139785370,2.042621161,0.535385544,0.839376318,-0.077913892,0.052336814,0.013847776,0.036253392
30.066666667,True,good,-0.087072344,-0.140510238,2.032039071,0.532352586,0.838969447,-0.061622135,0.094518270,0.013825004,0.036193775
30.133333333,True,good,-0.073698960,-0.134656913,2.061021023,0.494567867,0.865137704,-0.063948628,0.053384939,0.013802249,0.036134204
30.200000000,True,good,-0.076188542,-0.136759015,2.064248765,0.522007827,0.845142795,-0.045560111,0.105668165,0.013779514,0.036074682
30.266666667,True,good,-0.067638224,-0.146601071,2.070081286,0.530547049,0.843124041,-0.020921232,0.084994014,0.013756799,0.036015216
30.333333333,True,good,-0.064158874,-0.149110824,2.070576065,0.507061442,0.855286461,-0.031789011,0.101799909,0.013734107,0.035955809
30.400000000,True,good,-0.028904986,-0.159125011,2.085235330,0.541806995,0.835320311,-0.038029806,0.085081681,0.013711440,0.035896466
30.466666667,True,good,-0.054519074,-0.139286887,2.059361717,0.517522813,0.851916379,-0.040921014,0.068804732,0.013688799,0.035837191
30.533333333,True,good,-0.041929388,-0.164221182,2.034200323,0.534245516,0.840523026,0.008975700,0.089566776,0.013666185,0.035777990
30.600000000,True,good,-0.048143890,-0.136132123,2.058180382,0.507305164,0.856811739,-0.010607614,0.091665662,0.013643601,0.035718865
30.666666667,True,good,-0.050060315,-0.145229690,2.051731831,0.525243660,0.844593756,0.003631709,0.103765583,0.013621048,0.035659821
30.733333333,True,good,-0.024926676,-0.155437882,2.025370361,0.506708436,0.851847117,0.022033337,0.130834182,0.013598528,0.035600863
30.800000000,True,good,-0.031372594,-0.128762181,2.032981194,0.522526833,0.842563101,0.037150136,0.125191841,0.013576042,0.035541994
30.866666667,True,good,-0.045194658,-0.111084948,2.024880418,0.539527944,0.829639825,0.018899975,0.142303021,0.013553591,0.035483219
30.933333333,True,good,-0.020207415,-0.148638961,2.033520281,0.504751962,0.851455470,0.040656842,0.136367371,0.013531178,0.035424541
31.000000000,True,good,-0.015346486,-0.147725895,2.022193701,0.498213990,0.859418867,0.041629524,0.107000065,0.013508803,0.035365964
31.066666667,True,good,-0.030355452,-0.151527646,2.007283360,0.515935248,0.841098155,0.044080203,0.156274277,0.013486469,0.035307492
31.133333333,True,good,-0.009812408,-0.148766273,2.013220912,0.500962459,0.850864735,0.048909606,0.150577779,0.013464175,0.035249129
31.200000000,True,good,0.000229491,-0.137768356,2.005140669,0.465729892,0.863729426,0.089626461,0.170394380,0.013441925,0.035190878
31.266666667,True,good,-0.008361583,-0.127514587,2.017850036,0.531433909,0.831497957,0.087270526,0.136282807,0.013419719,0.035132742
31.333333333,True,good,-0.016016916,-0.127419593,2.005918144,0.488437178,0.856635245,0.056332042,0.156307007,0.013397558,0.035074726
31.400000000,True,good,0.020680530,-0.163688790,1.997320444,0.478793058,0.864503626,0.023341406,0.151148492,0.013375444,0.035016831
31.466666667,True,good,-0.026625237,-0.148089346,2.020739966,0.502309803,0.844280765,0.062597249,0.175944413,0.013353378,0.034959063
31.533333333,False,missing,,,,,,,,,
31.600000000,True,good,0.003412816,-0.161477782,1.985819409,0.514060205,0.836291289,0.079424325,0.173351557,0.013309395,0.034843914
31.666666667,True,good,0.011477221,-0.142282385,1.983617727,0.500278016,0.848524321,0.048824183,0.165361972,0.013287479,0.034786540
31.733333333,True,good,0.019545751,-0.143452948,1.981134203,0.500981331,0.848461692,0.071246357,0.155094874,0.013265617,0.034729303
31.800000000,True,flip,0.019265488,-0.145228999,2.004066763,-0.194077319,0.084771378,-0.825216048,0.523608901,0.013243807,0.034672207
31.866666667,True,good,0.048186872,-0.138111107,2.008130411,0.513890526,0.833652120,0.113456952,0.167535640,0.013222053,0.034615253
31.933333333,True,good,0.004440753,-0.161154222,1.970687866,0.500730992,0.823675060,0.096743906,0.247928387,0.013200354,0.034558445
32.000000000,True,good,0.029996809,-0.155246679,1.977382812,0.504936655,0.824941402,0.104506154,0.231493243,0.013178711,0.034501784
32.066666667,True,good,0.041027840,-0.134010499,1.953730487,0.517656570,0.811122908,0.123346741,0.242686805,0.013157125,0.034445274
32.133333333,True,good,0.039038541,-0.164737096,1.965260172,0.526703632,0.822561700,0.078284076,0.199617476,0.013135598,0.034388916
32.200000000,True,good,0.039547883,-0.143507662,1.946314598,0.519473098,0.824675583,0.116500202,0.191012008,0.013114130,0.034332712
32.266666667,True,outlier,0.110300242,0.653253793,1.956851863,-0.449228868,0.658784682,-0.425854527,-0.427602722,0.013092722,0.034276665
32.333333333,True,good,0.060578894,-0.163176466,1.955517288,0.492441043,0.835853939,0.117837206,0.212048118,0.013071374,0.034220777
32.400000000,True,good,0.036908539,-0.154936057,1.947244323,0.514447280,0.806065879,0.137778316,0.258106431,0.013050087,0.034165048
32.466666667,True,flip,0.064670651,-0.175091339,1.956438215,-0.246263015,0.126993405,-0.819780054,0.501186458,0.013028863,0.034109482
32.533333333,True,good,0.045721419,-0.159807917,1.931021096,0.526047886,0.802411487,0.161643719,0.230826200,0.013007700,0.034054080
32.600000000,True,good,0.057478915,-0.165791456,1.934530070,0.507806516,0.824108209,0.101359837,0.229574355,0.012986601,0.033998843
32.666666667,True,good,0.054310130,-0.138714164,1.945010318,0.523688346,0.809742028,0.136398619,0.226856300,0.012965566,0.033943773
32.733333333,False,missing,,,,,,,,,
32.800000000,True,good,0.101274152,-0.143510295,1.930217558,0.497110673,0.809218183,0.142345153,0.278899207,0.012923689,0.033834138
32.866666667,True,good,0.098890738,-0.149724123,1.913726722,0.513068277,0.800615493,0.140340314,0.275826705,0.012902848,0.033779576
32.933333333,True,good,0.092632365,-0.153484376,1.918058687,0.505835627,0.809952126,0.138723446,0.262418898,0.012882072,0.033725186
33.000000000,True,good,0.088319383,-0.158066618,1.913024969,0.512622786,0.807648712,0.149452293,0.250170842,0.012861362,0.033670968
33.066666667,True,flip,0.120668300,-0.158444143,1.908372008,-0.256202986,0.144994035,-0.783247098,0.547595420,0.012840719,0.033616924
33.133333333,True,good,0.103626879,-0.160993014,1.933377408,0.503904284,0.797717122,0.164009448,0.287799873,0.012820142,0.033563054
33.200000000,True,good,0.097785325,-0.147695531,1.913492092,0.514921559,0.780520690,0.179525392,0.305636834,0.012799632,0.033509359
33.266666667,True,good,0.094896675,-0.144525079,1.904557576,0.525106198,0.782816351,0.182479079,0.279577229,0.012779189,0.033455839
33.333333333,True,good,0.109191684,-0.170121058,1.888300671,0.546145435,0.762909389,0.184742317,0.292514453,0.012758813,0.033402495
33.400000000,True,good,0.113843706,-0.159591805,1.895043410,0.524559193,0.774443645,0.186326821,0.300594429,0.012738505,0.033349328
33.466666667,True,good,0.117867790,-0.141522800,1.901624109,0.520168493,0.778533540,0.196112325,0.291290615,0.012718264,0.033296337
33.533333333,True,good,0.133336882,-0.139218410,1.903896693,0.545440832,0.755608105,0.188872826,0.309641320,0.012698091,0.033243523
33.600000000,True,good,0.146135205,-0.121709535,1.881230289,0.538506492,0.763131745,0.193365883,0.300416931,0.012677985,0.033190887
33.666666667,True,good,0.135080568,-0.162253342,1.886196922,0.536316233,0.749845289,0.185307686,0.340232278,0.012657947,0.033138427
33.733333333,True,good,0.113778254,-0.161155425,1.890753557,0.540157054,0.752294080,0.183835148,0.329376095,0.012637976,0.033086145
33.800000000,True,good,0.143131544,-0.154738485,1.867711897,0.543303772,0.747385870,0.200327575,0.325736451,0.012618073,0.033034039
33.866666667,True,good,0.115245381,-0.140647649,1.884741236,0.559759741,0.735784485,0.193545247,0.328375487,0.012598238,0.032982110
33.933333333,True,good,0.156700737,-0.156571599,1.886173554,0.535413409,0.747507414,0.190633950,0.343836945,0.012578470,0.032930358
34.000000000,True,good,0.146622234,-0.133634889,1.887221288,0.552363523,0.729933829,0.224074161,0.334487539,0.012558769,0.032878781
34.066666667,True,good,0.139717942,-0.142317498,1.868531532,0.532165912,0.741419022,0.242015893,0.329432215,0.012539136,0.032827381
34.133333333,True,good,0.162740675,-0.140407386,1.881700549,0.550705749,0.741213051,0.203259406,0.325594847,0.012519569,0.032776155
34.200000000,False,missing,,,,,,,,,
34.266666667,True,good,0.165467840,-0.125492008,1.850579706,0.568281346,0.716962191,0.202521255,0.349294531,0.012480635,0.032674226
34.333333333,True,good,0.156690470,-0.159114588,1.853258456,0.529834157,0.720952829,0.216364134,0.390754840,0.012461267,0.032623522
34.400000000,True,good,0.160843057,-0.141102277,1.871461865,0.546538147,0.710105728,0.226571572,0.381721405,0.012441966,0.032572990
34.466666667,True,good,0.155985875,-0.156850801,1.825621974,0.534575918,0.701113270,0.250006814,0.400206650,0.012422729,0.032522629
34.533333333,True,good,0.194937857,-0.143161964,1.862570519,0.562515399,0.697805307,0.242170753,0.371480155,0.012403558,0.032472439
34.600000000,True,flip,0.165419501,-0.163325503,1.850912564,-0.367824373,0.235241057,-0.724236955,0.533711260,0.012384452,0.032422418
34.666666667,False,missing,,,,,,,,,
34.733333333,True,good,0.184305804,-0.148110097,1.814964310,0.563288477,0.689983062,0.252432800,0.378030617,0.012346431,0.032322881
34.800000000,True,good,0.182396483,-0.153840942,1.843593755,0.580173351,0.677835727,0.229790580,0.388759437,0.012327516,0.032273362
34.866666667,True,good,0.191060867,-0.135569783,1.830740413,0.559253498,0.677858328,0.232043584,0.417012456,0.012308664,0.032224008
34.933333333,True,good,0.196067286,-0.150795916,1.846114971,0.564206379,0.675332165,0.244457227,0.407232481,0.012289875,0.032174818
35.000000000,True,good,0.173177328,-0.144852389,1.816732927,0.581299651,0.655670734,0.239564967,0.418085196,0.012271148,0.032125790
35.066666667,True,good,0.177072708,-0.128432923,1.834553661,0.589034383,0.652569352,0.214741975,0.425532163,0.012252482,0.032076922
35.133333333,True,outlier,0.226460821,-0.455780050,1.863906093,-0.193059935,-0.594718293,-0.270618484,-0.731986100,0.012233877,0.032028215
35.200000000,False,missing,,,,,,,,,
35.266666667,True,good,0.218099969,-0.138500808,1.814759465,0.581641682,0.642959276,0.245024808,0.433888426,0.012196847,0.031931272
35.333333333,True,good,0.202295057,-0.134501359,1.829007346,0.578143800,0.655811212,0.253243669,0.414160650,0.012178422,0.031883034
35.400000000,True,good,0.216531598,-0.162227606,1.804092124,0.566921868,0.655485825,0.245340538,0.434449018,0.012160055,0.031834949
35.466666667,True,good,0.208736093,-0.145184169,1.816873073,0.590686963,0.632870385,0.229366641,0.444921264,0.012141746,0.031787016
35.533333333,True,good,0.219832589,-0.131420221,1.798778364,0.588608981,0.615238588,0.229612556,0.471485971,0.012123494,0.031739234
35.600000000,True,good,0.224471986,-0.114214946,1.823535728,0.588227013,0.626292202,0.251996444,0.445246956,0.012105300,0.031691600
35.666666667,True,good,0.238053761,-0.141575419,1.792701606,0.570158601,0.638794088,0.233587450,0.460758273,0.012087161,0.031644113
35.733333333,True,flip,0.215824615,-0.136366978,1.772965531,-0.473214033,0.207413222,-0.626217499,0.583866318,0.012069078,0.031596772
35.800000000,True,good,0.238569084,-0.130043484,1.778963546,0.566230877,0.614245905,0.253582799,0.487627240,0.012051050,0.031549574
35.866666667,True,good,0.241461756,-0.133133663,1.782243803,0.576854594,0.626185998,0.234553428,0.469163684,0.012033076,0.031502518
35.933333333,True,good,0.229850517,-0.136725134,1.794477134,0.594431975,0.585092649,0.252845133,0.490292319,0.012015155,0.031455602
36.000000000,True,good,0.277177913,-0.134946494,1.771873386,0.582708061,0.600369019,0.226650257,0.498636158,0.011997288,0.031408825
36.066666667,True,flip,0.237885498,-0.137931055,1.793737284,-0.484396332,0.263796024,-0.593783808,0.585826459,0.011979472,0.031362185
36.133333333,True,good,0.233939682,-0.130132817,1.785457077,0.598481398,0.574688202,0.209418760,0.517394694,0.011961709,0.031315680
36.200000000,True,good,0.231139927,-0.142520266,1.771180817,0.575522794,0.593562937,0.266602904,0.495357896,0.011943996,0.031269308
36.266666667,True,good,0.248844139,-0.135673794,1.763870650,0.605711401,0.591952772,0.243481895,0.472675556,0.011926333,0.031223067
36.333333333,False,missing,,,,,,,,,
36.400000000,True,good,0.247566344,-0.119062916,1.759310086,0.628843786,0.565966593,0.244506918,0.473765422,0.011891157,0.031130975
36.466666667,True,good,0.259988114,-0.097953267,1.753886563,0.598656331,0.549103188,0.229385427,0.536170320,0.011873641,0.031085120
36.533333333,True,good,0.250369523,-0.122475516,1.751158143,0.581938116,0.571729472,0.233679526,0.529024876,0.011856173,0.031039389
36.600000000,True,good,0.270579324,-0.125354295,1.771466253,0.588424140,0.571138759,0.221328274,0.527798584,0.011838753,0.030993782
36.666666667,True,good,0.251566972,-0.120467507,1.759020317,0.603059040,0.550959481,0.261148644,0.514358659,0.011821378,0.030948296
36.733333333,True,good,0.266059842,-0.127782753,1.775934037,0.622196541,0.560162803,0.228173434,0.497017085,0.011804050,0.030902930
36.800000000,True,good,0.278139315,-0.115636769,1.754485812,0.605375974,0.548053165,0.247834007,0.521282998,0.011786767,0.030857683
36.866666667,True,good,0.257818489,-0.120173004,1.753036653,0.595327291,0.555235346,0.239987051,0.528871764,0.011769528,0.030812553
36.933333333,True,outlier,0.150996589,0.166255153,1.544288537,0.627358201,0.211150509,-0.372716108,-0.650322884,0.011752334,0.030767538
37.000000000,True,good,0.261021109,-0.137856021,1.720163250,0.624012330,0.532966332,0.218579821,0.527994661,0.011735183,0.030722637
37.066666667,True,good,0.264045060,-0.132104507,1.747516685,0.604417075,0.516605799,0.243425423,0.555466030,0.011718075,0.030677849
37.133333333,True,good,0.286731772,-0.141478053,1.720044272,0.620935506,0.521201059,0.224550855,0.540708302,0.011701010,0.030633172
37.200000000,True,good,0.279886660,-0.132273103,1.713003260,0.613779893,0.532335328,0.218163591,0.540645900,0.011683987,0.030588605
37.266666667,True,flip,0.259510383,-0.131395110,1.702521196,-0.550616008,0.197849721,-0.523731962,0.619178755,0.011667005,0.030544147
37.333333333,False,missing,,,,,,,,,
37.400000000,True,good,0.300269454,-0.129648998,1.694889771,0.631665825,0.515061768,0.193291019,0.546212634,0.011633163,0.030455551
37.466666667,True,good,0.298188396,-0.129343527,1.714218638,0.617560083,0.523017410,0.233295204,0.539115647,0.011616303,0.030411411
37.533333333,True,good,0.272879401,-0.105729548,1.727238308,0.616591191,0.478990920,0.215207019,0.586573901,0.011599483,0.030367375
37.600000000,True,good,0.271587855,-0.119396473,1.707330486,0.623881209,0.522072226,0.217400133,0.539397821,0.011582702,0.030323442
37.666666667,True,good,0.282004087,-0.119473258,1.707202694,0.630198956,0.484137863,0.209762304,0.569613538,0.011565959,0.030279611
37.733333333,True,good,0.289743150,-0.116754941,1.716022640,0.630314493,0.505141153,0.216734643,0.548235488,0.011549256,0.030235881
37.800000000,True,good,0.291737087,-0.111848329,1.725156844,0.639952663,0.470913888,0.220829253,0.565628094,0.011532591,0.030192252
37.866666667,True,flip,0.280012677,-0.121307086,1.697856504,-0.544359258,0.207638503,-0.506314181,0.635771343,0.011515963,0.030148722
37.933333333,True,good,0.311098612,-0.110987340,1.719769256,0.647590331,0.457920151,0.208819223,0.572127984,0.011499374,0.030105291
38.000000000,True,good,0.283081167,-0.131729722,1.661521321,0.634308126,0.450520097,0.226366780,0.586040037,0.011482822,0.030061959
38.066666667,True,good,0.283671893,-0.117044849,1.676971046,0.650477664,0.448064792,0.208256650,0.576841329,0.011466308,0.030018724
38.133333333,True,good,0.282330513,-0.106713142,1.698289732,0.641564725,0.452915216,0.184948567,0.590810069,0.011449831,0.029975587
38.200000000,True,good,0.293214554,-0.107055800,1.673326820,0.650874260,0.451203795,0.200105275,0.576832482,0.011433391,0.029932547
38.266666667,True,good,0.285080944,-0.106970097,1.698564759,0.651473883,0.455867937,0.181274061,0.578710566,0.011416988,0.029889604
38.333333333,True,good,0.277839496,-0.128868114,1.684878675,0.634345928,0.447597074,0.215597515,0.592266675,0.011400622,0.029846758
38.400000000,True,good,0.287108068,-0.099334171,1.675639770,0.647874889,0.453088834,0.203239639,0.577635080,0.011384293,0.029804008
38.466666667,True,good,0.288641025,-0.095443382,1.674675459,0.635902232,0.457264284,0.204470149,0.587136853,0.011368000,0.029761355
38.533333333,True,good,0.309066528,-0.090026213,1.670773687,0.634887734,0.463076425,0.197909267,0.585926370,0.011351745,0.029718799
38.600000000,True,good,0.292161932,-0.107966279,1.651426509,0.636775411,0.445572407,0.171546338,0.605437165,0.011335527,0.029676340
38.666666667,True,outlier,0.010074718,-0.030328033,1.835460807,0.820637667,-0.022833484,0.045567927,0.569171342,0.011319346,0.029633978
38.733333333,False,missing,,,,,,,,,
38.800000000,True,good,0.281904955,-0.115344838,1.660331581,0.653966023,0.442377265,0.190020493,0.583543493,0.011287096,0.029549547
38.866666667,True,good,0.313486568,-0.089892313,1.677953908,0.632315865,0.435828631,0.186702898,0.612676162,0.011271027,0.029507479
38.933333333,True,good,0.299479342,-0.096889661,1.652493340,0.661456462,0.406665987,0.181331247,0.603504021,0.011254996,0.029465511
39.000000000,True,good,0.288135841,-0.082505366,1.654835580,0.630988533,0.448888847,0.163563606,0.611227634,0.011239004,0.029423643
39.066666667,True,good,0.319614805,-0.106500696,1.639443218,0.640924862,0.430445033,0.151076845,0.617339600,0.011223050,0.029381876
39.133333333,True,good,0.308755899,-0.104215673,1.662903355,0.620834435,0.419248107,0.173755126,0.639222015,0.011207135,0.029340211
39.200000000,True,good,0.289749833,-0.095341789,1.647519531,0.644021656,0.431172640,0.134450025,0.617454008,0.011191260,0.029298649
39.266666667,True,good,0.308944150,-0.087135753,1.644247823,0.629060111,0.434299452,0.145656906,0.628053683,0.011175424,0.029257192
39.333333333,True,good,0.309550668,-0.095573921,1.648509575,0.634011888,0.438049563,0.144009953,0.620808054,0.011159629,0.029215840
39.400000000,True,good,0.304833291,-0.098250634,1.626734298,0.669169780,0.397434820,0.144819512,0.610970276,0.011143875,0.029174596
39.466666667,True,good,0.292632903,-0.096052850,1.646315717,0.639373892,0.420141359,0.154071166,0.625255420,0.011128162,0.029133460
39.533333333,True,good,0.301644350,-0.108827720,1.638157895,0.669611563,0.391521868,0.159315160,0.610696047,0.011112492,0.029092435
39.600000000,True,good,0.307502079,-0.073654276,1.626218794,0.659356939,0.391264041,0.127771513,0.629154447,0.011096864,0.029051522
39.666666667,True,good,0.308522798,-0.105096513,1.627047528,0.669178424,0.380744006,0.122116175,0.626356032,0.011081280,0.029010722
39.733333333,True,good,0.286479955,-0.075735699,1.638382708,0.632574198,0.435869154,0.138490207,0.625050740,0.011065740,0.028970039
39.800000000,True,good,0.318849634,-0.097558750,1.646450494,0.657911806,0.394368067,0.134061835,0.627417969,0.011050245,0.028929474
39.866666667,True,good,0.293260490,-0.082045172,1.641454459,0.660262475,0.395706874,0.119413656,0.627064520,0.011034796,0.028889030
39.933333333,True,good,0.282150496,-0.088851364,1.623430529,0.639688421,0.410924783,0.159793960,0.629607367,0.011019395,0.028848708
